Timestamp,Open,High,Low,Close,Volume_(BTC),Volume_(Currency),Weighted_Price
1417411980,300,300,300,300,0.01,3,300
1417412040,NaN,NaN,NaN,NaN,NaN,NaN,NaN
1417412100,NaN,NaN,NaN,NaN,NaN,NaN,NaN
1417412160,NaN,NaN,NaN,NaN,NaN,NaN,NaN
1417412220,NaN,NaN,NaN,NaN,NaN,NaN,NaN
1417412280,NaN,NaN,NaN,NaN,NaN,NaN,NaN
1417412340,NaN,NaN,NaN,NaN,NaN,NaN,NaN
1417412400,300,300,300,300,0.01,3,300
1417412460,NaN,NaN,NaN,NaN,NaN,NaN,NaN
1417412520,NaN,NaN,NaN,NaN,NaN,NaN,NaN
1417412580,NaN,NaN,NaN,NaN,NaN,NaN,NaN
1417412640,NaN,NaN,NaN,NaN,NaN,NaN,NaN
1417412700,NaN,NaN,NaN,NaN,NaN,NaN,NaN
1417412760,NaN,NaN,NaN,NaN,NaN,NaN,NaN
1417412820,NaN,NaN,NaN,NaN,NaN,NaN,NaN
1417412880,NaN,NaN,NaN,NaN,NaN,NaN,NaN
1417412940,NaN,NaN,NaN,NaN,NaN,NaN,NaN
1417413000,NaN,NaN,NaN,NaN,NaN,NaN,NaN
1417413060,NaN,NaN,NaN,NaN,NaN,NaN,NaN
1417413120,NaN,NaN,NaN,NaN,NaN,NaN,NaN
1417413180,NaN,NaN,NaN,NaN,NaN,NaN,NaN
1417413240,NaN,NaN,NaN,NaN,NaN,NaN,NaN
1417413300,NaN,NaN,NaN,NaN,NaN,NaN,NaN
1417413360,NaN,NaN,NaN,NaN,NaN,NaN,NaN
1417413420,NaN,NaN,NaN,NaN,NaN,NaN,NaN
1417413480,NaN,NaN,NaN,NaN,NaN,NaN,NaN
1417413540,NaN,NaN,NaN,NaN,NaN,NaN,NaN
1417413600,NaN,NaN,NaN,NaN,NaN,NaN,NaN
1417413660,NaN,NaN,NaN,NaN,NaN,NaN,NaN
1417413720,NaN,NaN,NaN,NaN,NaN,NaN,NaN
1417413780,NaN,NaN,NaN,NaN,NaN,NaN,NaN
1417413840,NaN,NaN,NaN,NaN,NaN,NaN,NaN
1417413900,NaN,NaN,NaN,NaN,NaN,NaN,NaN
1417413960,NaN,NaN,NaN,NaN,NaN,NaN,NaN
1417414020,NaN,NaN,NaN,NaN,NaN,NaN,NaN
1417414080,NaN,NaN,NaN,NaN,NaN,NaN,NaN
1417414140,NaN,NaN,NaN,NaN,NaN,NaN,NaN
1417414200,NaN,NaN,NaN,NaN,NaN,NaN,NaN
1417414260,NaN,NaN,NaN,NaN,NaN,NaN,NaN
1417414320,NaN,NaN,NaN,NaN,NaN,NaN,NaN
1417414380,NaN,NaN,NaN,NaN,NaN,NaN,NaN
1417414440,NaN,NaN,NaN,NaN,NaN,NaN,NaN
1417414500,NaN,NaN,NaN,NaN,NaN,NaN,NaN
1417414560,NaN,NaN,NaN,NaN,NaN,NaN,NaN
1417414620,NaN,NaN,NaN,NaN,NaN,NaN,NaN
1417414680,NaN,NaN,NaN,NaN,NaN,NaN,NaN
1417414740,NaN,NaN,NaN,NaN,NaN,NaN,NaN
1417414800,NaN,NaN,NaN,NaN,NaN,NaN,NaN
1417414860,NaN,NaN,NaN,NaN,NaN,NaN,NaN
1417414920,NaN,NaN,NaN,NaN,NaN,NaN,NaN
1417414980,NaN,NaN,NaN,NaN,NaN,NaN,NaN
1417415040,370,370,370,370,0.01,3.7,370
1417415100,NaN,NaN,NaN,NaN,NaN,NaN,NaN
1417415160,NaN,NaN,NaN,NaN,NaN,NaN,NaN
1417415220,NaN,NaN,NaN,NaN,NaN,NaN,NaN
1417415280,NaN,NaN,NaN,NaN,NaN,NaN,NaN
1417415340,NaN,NaN,NaN,NaN,NaN,NaN,NaN
1417415400,NaN,NaN,NaN,NaN,NaN,NaN,NaN
1417415460,NaN,NaN,NaN,NaN,NaN,NaN,NaN
1417415520,NaN,NaN,NaN,NaN,NaN,NaN,NaN
1417415580,NaN,NaN,NaN,NaN,NaN,NaN,NaN
1417415640,NaN,NaN,NaN,NaN,NaN,NaN,NaN
1417415700,NaN,NaN,NaN,NaN,NaN,NaN,NaN
1417415760,NaN,NaN,NaN,NaN,NaN,NaN,NaN
1417415820,NaN,NaN,NaN,NaN,NaN,NaN,NaN
1417415880,NaN,NaN,NaN,NaN,NaN,NaN,NaN
1417415940,NaN,NaN,NaN,NaN,NaN,NaN,NaN
1417416000,NaN,NaN,NaN,NaN,NaN,NaN,NaN
1417416060,NaN,NaN,NaN,NaN,NaN,NaN,NaN
1417416120,NaN,NaN,NaN,NaN,NaN,NaN,NaN
1417416180,NaN,NaN,NaN,NaN,NaN,NaN,NaN
1417416240,NaN,NaN,NaN,NaN,NaN,NaN,NaN
1417416300,NaN,NaN,NaN,NaN,NaN,NaN,NaN
1417416360,NaN,NaN,NaN,NaN,NaN,NaN,NaN
1417416420,NaN,NaN,NaN,NaN,NaN,NaN,NaN
1417416480,NaN,NaN,NaN,NaN,NaN,NaN,NaN
1417416540,NaN,NaN,NaN,NaN,NaN,NaN,NaN
1417416600,370,370,370,370,0.02655554,9.8255498,370
1417416660,NaN,NaN,NaN,NaN,NaN,NaN,NaN
1417416720,NaN,NaN,NaN,NaN,NaN,NaN,NaN
1417416780,NaN,NaN,NaN,NaN,NaN,NaN,NaN
1417416840,NaN,NaN,NaN,NaN,NaN,NaN,NaN
1417416900,NaN,NaN,NaN,NaN,NaN,NaN,NaN
1417416960,NaN,NaN,NaN,NaN,NaN,NaN,NaN
1417417020,NaN,NaN,NaN,NaN,NaN,NaN,NaN
1417417080,NaN,NaN,NaN,NaN,NaN,NaN,NaN
1417417140,NaN,NaN,NaN,NaN,NaN,NaN,NaN
1417417200,NaN,NaN,NaN,NaN,NaN,NaN,NaN
1417417260,NaN,NaN,NaN,NaN,NaN,NaN,NaN
1417417320,NaN,NaN,NaN,NaN,NaN,NaN,NaN
1417417380,NaN,NaN,NaN,NaN,NaN,NaN,NaN
1417417440,NaN,NaN,NaN,NaN,NaN,NaN,NaN
1417417500,NaN,NaN,NaN,NaN,NaN,NaN,NaN
1417417560,NaN,NaN,NaN,NaN,NaN,NaN,NaN
1417417620,NaN,NaN,NaN,NaN,NaN,NaN,NaN
1417417680,NaN,NaN,NaN,NaN,NaN,NaN,NaN
1417417740,NaN,NaN,NaN,NaN,NaN,NaN,NaN
1417417800,NaN,NaN,NaN,NaN,NaN,NaN,NaN
1417417860,NaN,NaN,NaN,NaN,NaN,NaN,NaN
1417417920,NaN,NaN,NaN,NaN,NaN,NaN,NaN
1417417980,NaN,NaN,NaN,NaN,NaN,NaN,NaN
1417418040,NaN,NaN,NaN,NaN,NaN,NaN,NaN
1417418100,NaN,NaN,NaN,NaN,NaN,NaN,NaN
1417418160,NaN,NaN,NaN,NaN,NaN,NaN,NaN
1417418220,NaN,NaN,NaN,NaN,NaN,NaN,NaN
1417418280,NaN,NaN,NaN,NaN,NaN,NaN,NaN
1417418340,NaN,NaN,NaN,NaN,NaN,NaN,NaN
1417418400,NaN,NaN,NaN,NaN,NaN,NaN,NaN
1417418460,NaN,NaN,NaN,NaN,NaN,NaN,NaN
1417418520,NaN,NaN,NaN,NaN,NaN,NaN,NaN
1417418580,NaN,NaN,NaN,NaN,NaN,NaN,NaN
1417418640,NaN,NaN,NaN,NaN,NaN,NaN,NaN
1417418700,NaN,NaN,NaN,NaN,NaN,NaN,NaN
1417418760,NaN,NaN,NaN,NaN,NaN,NaN,NaN
1417418820,NaN,NaN,NaN,NaN,NaN,NaN,NaN
1417418880,NaN,NaN,NaN,NaN,NaN,NaN,NaN
1417418940,NaN,NaN,NaN,NaN,NaN,NaN,NaN
1417419000,NaN,NaN,NaN,NaN,NaN,NaN,NaN
1417419060,NaN,NaN,NaN,NaN,NaN,NaN,NaN
1417419120,NaN,NaN,NaN,NaN,NaN,NaN,NaN
1417419180,NaN,NaN,NaN,NaN,NaN,NaN,NaN
1417419240,NaN,NaN,NaN,NaN,NaN,NaN,NaN
1417419300,NaN,NaN,NaN,NaN,NaN,NaN,NaN
1417419360,NaN,NaN,NaN,NaN,NaN,NaN,NaN
1417419420,NaN,NaN,NaN,NaN,NaN,NaN,NaN
1417419480,NaN,NaN,NaN,NaN,NaN,NaN,NaN
1417419540,NaN,NaN,NaN,NaN,NaN,NaN,NaN
1417419600,NaN,NaN,NaN,NaN,NaN,NaN,NaN
1417419660,NaN,NaN,NaN,NaN,NaN,NaN,NaN
1417419720,NaN,NaN,NaN,NaN,NaN,NaN,NaN
1417419780,NaN,NaN,NaN,NaN,NaN,NaN,NaN
1417419840,NaN,NaN,NaN,NaN,NaN,NaN,NaN
1417419900,NaN,NaN,NaN,NaN,NaN,NaN,NaN
1417419960,NaN,NaN,NaN,NaN,NaN,NaN,NaN
1417420020,NaN,NaN,NaN,NaN,NaN,NaN,NaN
1417420080,NaN,NaN,NaN,NaN,NaN,NaN,NaN
1417420140,NaN,NaN,NaN,NaN,NaN,NaN,NaN
1417420200,NaN,NaN,NaN,NaN,NaN,NaN,NaN
1417420260,NaN,NaN,NaN,NaN,NaN,NaN,NaN
1417420320,NaN,NaN,NaN,NaN,NaN,NaN,NaN
1417420380,NaN,NaN,NaN,NaN,NaN,NaN,NaN
1417420440,NaN,NaN,NaN,NaN,NaN,NaN,NaN
1417420500,NaN,NaN,NaN,NaN,NaN,NaN,NaN
1417420560,NaN,NaN,NaN,NaN,NaN,NaN,NaN
1417420620,NaN,NaN,NaN,NaN,NaN,NaN,NaN
1417420680,NaN,NaN,NaN,NaN,NaN,NaN,NaN
1417420740,NaN,NaN,NaN,NaN,NaN,NaN,NaN
1417420800,NaN,NaN,NaN,NaN,NaN,NaN,NaN
1417420860,NaN,NaN,NaN,NaN,NaN,NaN,NaN
1417420920,NaN,NaN,NaN,NaN,NaN,NaN,NaN
1417420980,NaN,NaN,NaN,NaN,NaN,NaN,NaN
1417421040,NaN,NaN,NaN,NaN,NaN,NaN,NaN
1417421100,NaN,NaN,NaN,NaN,NaN,NaN,NaN
1417421160,NaN,NaN,NaN,NaN,NaN,NaN,NaN
1417421220,NaN,NaN,NaN,NaN,NaN,NaN,NaN
1417421280,NaN,NaN,NaN,NaN,NaN,NaN,NaN
1417421340,NaN,NaN,NaN,NaN,NaN,NaN,NaN
1417421400,NaN,NaN,NaN,NaN,NaN,NaN,NaN
1417421460,NaN,NaN,NaN,NaN,NaN,NaN,NaN
1417421520,NaN,NaN,NaN,NaN,NaN,NaN,NaN
1417421580,NaN,NaN,NaN,NaN,NaN,NaN,NaN
1417421640,NaN,NaN,NaN,NaN,NaN,NaN,NaN
1417421700,NaN,NaN,NaN,NaN,NaN,NaN,NaN
1417421760,NaN,NaN,NaN,NaN,NaN,NaN,NaN
1417421820,NaN,NaN,NaN,NaN,NaN,NaN,NaN
1417421880,NaN,NaN,NaN,NaN,NaN,NaN,NaN
1417421940,NaN,NaN,NaN,NaN,NaN,NaN,NaN
1417422000,NaN,NaN,NaN,NaN,NaN,NaN,NaN
1417422060,NaN,NaN,NaN,NaN,NaN,NaN,NaN
1417422120,NaN,NaN,NaN,NaN,NaN,NaN,NaN
1417422180,NaN,NaN,NaN,NaN,NaN,NaN,NaN
1417422240,NaN,NaN,NaN,NaN,NaN,NaN,NaN
1417422300,NaN,NaN,NaN,NaN,NaN,NaN,NaN
1417422360,NaN,NaN,NaN,NaN,NaN,NaN,NaN
1417422420,NaN,NaN,NaN,NaN,NaN,NaN,NaN
1417422480,NaN,NaN,NaN,NaN,NaN,NaN,NaN
1417422540,NaN,NaN,NaN,NaN,NaN,NaN,NaN
1417422600,NaN,NaN,NaN,NaN,NaN,NaN,NaN
1417422660,NaN,NaN,NaN,NaN,NaN,NaN,NaN
1417422720,NaN,NaN,NaN,NaN,NaN,NaN,NaN
1417422780,NaN,NaN,NaN,NaN,NaN,NaN,NaN
1417422840,NaN,NaN,NaN,NaN,NaN,NaN,NaN
1417422900,NaN,NaN,NaN,NaN,NaN,NaN,NaN
1417422960,NaN,NaN,NaN,NaN,NaN,NaN,NaN
1417423020,NaN,NaN,NaN,NaN,NaN,NaN,NaN
1417423080,NaN,NaN,NaN,NaN,NaN,NaN,NaN
1417423140,NaN,NaN,NaN,NaN,NaN,NaN,NaN
1417423200,NaN,NaN,NaN,NaN,NaN,NaN,NaN
1417423260,NaN,NaN,NaN,NaN,NaN,NaN,NaN
1417423320,NaN,NaN,NaN,NaN,NaN,NaN,NaN
1417423380,NaN,NaN,NaN,NaN,NaN,NaN,NaN
1417423440,NaN,NaN,NaN,NaN,NaN,NaN,NaN
1417423500,NaN,NaN,NaN,NaN,NaN,NaN,NaN
1417423560,NaN,NaN,NaN,NaN,NaN,NaN,NaN
1417423620,NaN,NaN,NaN,NaN,NaN,NaN,NaN
1417423680,NaN,NaN,NaN,NaN,NaN,NaN,NaN
1417423740,NaN,NaN,NaN,NaN,NaN,NaN,NaN
1417423800,NaN,NaN,NaN,NaN,NaN,NaN,NaN
1417423860,NaN,NaN,NaN,NaN,NaN,NaN,NaN
1417423920,NaN,NaN,NaN,NaN,NaN,NaN,NaN
1417423980,NaN,NaN,NaN,NaN,NaN,NaN,NaN
1417424040,NaN,NaN,NaN,NaN,NaN,NaN,NaN
1417424100,NaN,NaN,NaN,NaN,NaN,NaN,NaN
1417424160,NaN,NaN,NaN,NaN,NaN,NaN,NaN
1417424220,NaN,NaN,NaN,NaN,NaN,NaN,NaN
1417424280,NaN,NaN,NaN,NaN,NaN,NaN,NaN
1417424340,NaN,NaN,NaN,NaN,NaN,NaN,NaN
1417424400,NaN,NaN,NaN,NaN,NaN,NaN,NaN
1417424460,NaN,NaN,NaN,NaN,NaN,NaN,NaN
1417424520,NaN,NaN,NaN,NaN,NaN,NaN,NaN
1417424580,NaN,NaN,NaN,NaN,NaN,NaN,NaN
1417424640,NaN,NaN,NaN,NaN,NaN,NaN,NaN
1417424700,NaN,NaN,NaN,NaN,NaN,NaN,NaN
1417424760,NaN,NaN,NaN,NaN,NaN,NaN,NaN
1417424820,NaN,NaN,NaN,NaN,NaN,NaN,NaN
1417424880,NaN,NaN,NaN,NaN,NaN,NaN,NaN
1417424940,NaN,NaN,NaN,NaN,NaN,NaN,NaN
1417425000,NaN,NaN,NaN,NaN,NaN,NaN,NaN
1417425060,NaN,NaN,NaN,NaN,NaN,NaN,NaN
1417425120,NaN,NaN,NaN,NaN,NaN,NaN,NaN
1417425180,NaN,NaN,NaN,NaN,NaN,NaN,NaN
1417425240,NaN,NaN,NaN,NaN,NaN,NaN,NaN
1417425300,NaN,NaN,NaN,NaN,NaN,NaN,NaN
1417425360,NaN,NaN,NaN,NaN,NaN,NaN,NaN
1417425420,NaN,NaN,NaN,NaN,NaN,NaN,NaN
1417425480,NaN,NaN,NaN,NaN,NaN,NaN,NaN
1417425540,NaN,NaN,NaN,NaN,NaN,NaN,NaN
1417425600,NaN,NaN,NaN,NaN,NaN,NaN,NaN
1417425660,NaN,NaN,NaN,NaN,NaN,NaN,NaN
1417425720,NaN,NaN,NaN,NaN,NaN,NaN,NaN
1417425780,NaN,NaN,NaN,NaN,NaN,NaN,NaN
1417425840,NaN,NaN,NaN,NaN,NaN,NaN,NaN
1417425900,NaN,NaN,NaN,NaN,NaN,NaN,NaN
1417425960,NaN,NaN,NaN,NaN,NaN,NaN,NaN
1417426020,NaN,NaN,NaN,NaN,NaN,NaN,NaN
1417426080,NaN,NaN,NaN,NaN,NaN,NaN,NaN
1417426140,NaN,NaN,NaN,NaN,NaN,NaN,NaN
1417426200,NaN,NaN,NaN,NaN,NaN,NaN,NaN
1417426260,NaN,NaN,NaN,NaN,NaN,NaN,NaN
1417426320,NaN,NaN,NaN,NaN,NaN,NaN,NaN
1417426380,NaN,NaN,NaN,NaN,NaN,NaN,NaN
1417426440,NaN,NaN,NaN,NaN,NaN,NaN,NaN
1417426500,NaN,NaN,NaN,NaN,NaN,NaN,NaN
1417426560,NaN,NaN,NaN,NaN,NaN,NaN,NaN
1417426620,NaN,NaN,NaN,NaN,NaN,NaN,NaN
1417426680,NaN,NaN,NaN,NaN,NaN,NaN,NaN
1417426740,NaN,NaN,NaN,NaN,NaN,NaN,NaN
1417426800,NaN,NaN,NaN,NaN,NaN,NaN,NaN
1417426860,NaN,NaN,NaN,NaN,NaN,NaN,NaN
1417426920,NaN,NaN,NaN,NaN,NaN,NaN,NaN
1417426980,NaN,NaN,NaN,NaN,NaN,NaN,NaN
1417427040,NaN,NaN,NaN,NaN,NaN,NaN,NaN
1417427100,NaN,NaN,NaN,NaN,NaN,NaN,NaN
1417427160,NaN,NaN,NaN,NaN,NaN,NaN,NaN
1417427220,NaN,NaN,NaN,NaN,NaN,NaN,NaN
1417427280,NaN,NaN,NaN,NaN,NaN,NaN,NaN
1417427340,NaN,NaN,NaN,NaN,NaN,NaN,NaN
1417427400,NaN,NaN,NaN,NaN,NaN,NaN,NaN
1417427460,NaN,NaN,NaN,NaN,NaN,NaN,NaN
1417427520,NaN,NaN,NaN,NaN,NaN,NaN,NaN
1417427580,NaN,NaN,NaN,NaN,NaN,NaN,NaN
1417427640,NaN,NaN,NaN,NaN,NaN,NaN,NaN
1417427700,NaN,NaN,NaN,NaN,NaN,NaN,NaN
1417427760,NaN,NaN,NaN,NaN,NaN,NaN,NaN
1417427820,NaN,NaN,NaN,NaN,NaN,NaN,NaN
1417427880,NaN,NaN,NaN,NaN,NaN,NaN,NaN
1417427940,NaN,NaN,NaN,NaN,NaN,NaN,NaN
1417428000,NaN,NaN,NaN,NaN,NaN,NaN,NaN
1417428060,NaN,NaN,NaN,NaN,NaN,NaN,NaN
1417428120,NaN,NaN,NaN,NaN,NaN,NaN,NaN
1417428180,NaN,NaN,NaN,NaN,NaN,NaN,NaN
1417428240,NaN,NaN,NaN,NaN,NaN,NaN,NaN
1417428300,NaN,NaN,NaN,NaN,NaN,NaN,NaN
1417428360,NaN,NaN,NaN,NaN,NaN,NaN,NaN
1417428420,NaN,NaN,NaN,NaN,NaN,NaN,NaN
1417428480,NaN,NaN,NaN,NaN,NaN,NaN,NaN
1417428540,NaN,NaN,NaN,NaN,NaN,NaN,NaN
1417428600,NaN,NaN,NaN,NaN,NaN,NaN,NaN
1417428660,NaN,NaN,NaN,NaN,NaN,NaN,NaN
1417428720,NaN,NaN,NaN,NaN,NaN,NaN,NaN
1417428780,NaN,NaN,NaN,NaN,NaN,NaN,NaN
1417428840,NaN,NaN,NaN,NaN,NaN,NaN,NaN
1417428900,NaN,NaN,NaN,NaN,NaN,NaN,NaN
1417428960,NaN,NaN,NaN,NaN,NaN,NaN,NaN
1417429020,NaN,NaN,NaN,NaN,NaN,NaN,NaN
1417429080,NaN,NaN,NaN,NaN,NaN,NaN,NaN
1417429140,NaN,NaN,NaN,NaN,NaN,NaN,NaN
1417429200,NaN,NaN,NaN,NaN,NaN,NaN,NaN
1417429260,NaN,NaN,NaN,NaN,NaN,NaN,NaN
1417429320,NaN,NaN,NaN,NaN,NaN,NaN,NaN
1417429380,NaN,NaN,NaN,NaN,NaN,NaN,NaN
1417429440,NaN,NaN,NaN,NaN,NaN,NaN,NaN
1417429500,NaN,NaN,NaN,NaN,NaN,NaN,NaN
1417429560,NaN,NaN,NaN,NaN,NaN,NaN,NaN
1417429620,NaN,NaN,NaN,NaN,NaN,NaN,NaN
1417429680,NaN,NaN,NaN,NaN,NaN,NaN,NaN
1417429740,NaN,NaN,NaN,NaN,NaN,NaN,NaN
1417429800,NaN,NaN,NaN,NaN,NaN,NaN,NaN
1417429860,NaN,NaN,NaN,NaN,NaN,NaN,NaN
1417429920,NaN,NaN,NaN,NaN,NaN,NaN,NaN
1417429980,NaN,NaN,NaN,NaN,NaN,NaN,NaN
1417430040,NaN,NaN,NaN,NaN,NaN,NaN,NaN
1417430100,NaN,NaN,NaN,NaN,NaN,NaN,NaN
1417430160,NaN,NaN,NaN,NaN,NaN,NaN,NaN
1417430220,NaN,NaN,NaN,NaN,NaN,NaN,NaN
1417430280,NaN,NaN,NaN,NaN,NaN,NaN,NaN
1417430340,NaN,NaN,NaN,NaN,NaN,NaN,NaN
1417430400,NaN,NaN,NaN,NaN,NaN,NaN,NaN
1417430460,NaN,NaN,NaN,NaN,NaN,NaN,NaN
1417430520,NaN,NaN,NaN,NaN,NaN,NaN,NaN
1417430580,NaN,NaN,NaN,NaN,NaN,NaN,NaN
1417430640,NaN,NaN,NaN,NaN,NaN,NaN,NaN
1417430700,NaN,NaN,NaN,NaN,NaN,NaN,NaN
1417430760,NaN,NaN,NaN,NaN,NaN,NaN,NaN
1417430820,NaN,NaN,NaN,NaN,NaN,NaN,NaN
1417430880,NaN,NaN,NaN,NaN,NaN,NaN,NaN
1417430940,NaN,NaN,NaN,NaN,NaN,NaN,NaN
1417431000,NaN,NaN,NaN,NaN,NaN,NaN,NaN
1417431060,NaN,NaN,NaN,NaN,NaN,NaN,NaN
1417431120,NaN,NaN,NaN,NaN,NaN,NaN,NaN
1417431180,NaN,NaN,NaN,NaN,NaN,NaN,NaN
1417431240,NaN,NaN,NaN,NaN,NaN,NaN,NaN
1417431300,NaN,NaN,NaN,NaN,NaN,NaN,NaN
1417431360,NaN,NaN,NaN,NaN,NaN,NaN,NaN
1417431420,NaN,NaN,NaN,NaN,NaN,NaN,NaN
1417431480,NaN,NaN,NaN,NaN,NaN,NaN,NaN
1417431540,NaN,NaN,NaN,NaN,NaN,NaN,NaN
1417431600,NaN,NaN,NaN,NaN,NaN,NaN,NaN
1417431660,NaN,NaN,NaN,NaN,NaN,NaN,NaN
1417431720,NaN,NaN,NaN,NaN,NaN,NaN,NaN
1417431780,NaN,NaN,NaN,NaN,NaN,NaN,NaN
1417431840,NaN,NaN,NaN,NaN,NaN,NaN,NaN
1417431900,NaN,NaN,NaN,NaN,NaN,NaN,NaN
1417431960,NaN,NaN,NaN,NaN,NaN,NaN,NaN
1417432020,NaN,NaN,NaN,NaN,NaN,NaN,NaN
1417432080,NaN,NaN,NaN,NaN,NaN,NaN,NaN
1417432140,NaN,NaN,NaN,NaN,NaN,NaN,NaN
1417432200,NaN,NaN,NaN,NaN,NaN,NaN,NaN
1417432260,NaN,NaN,NaN,NaN,NaN,NaN,NaN
1417432320,NaN,NaN,NaN,NaN,NaN,NaN,NaN
1417432380,NaN,NaN,NaN,NaN,NaN,NaN,NaN
1417432440,NaN,NaN,NaN,NaN,NaN,NaN,NaN
1417432500,NaN,NaN,NaN,NaN,NaN,NaN,NaN
1417432560,NaN,NaN,NaN,NaN,NaN,NaN,NaN
1417432620,NaN,NaN,NaN,NaN,NaN,NaN,NaN
1417432680,NaN,NaN,NaN,NaN,NaN,NaN,NaN
1417432740,NaN,NaN,NaN,NaN,NaN,NaN,NaN
1417432800,NaN,NaN,NaN,NaN,NaN,NaN,NaN
1417432860,NaN,NaN,NaN,NaN,NaN,NaN,NaN
1417432920,NaN,NaN,NaN,NaN,NaN,NaN,NaN
1417432980,NaN,NaN,NaN,NaN,NaN,NaN,NaN
1417433040,NaN,NaN,NaN,NaN,NaN,NaN,NaN
1417433100,NaN,NaN,NaN,NaN,NaN,NaN,NaN
1417433160,NaN,NaN,NaN,NaN,NaN,NaN,NaN
1417433220,NaN,NaN,NaN,NaN,NaN,NaN,NaN
1417433280,NaN,NaN,NaN,NaN,NaN,NaN,NaN
1417433340,NaN,NaN,NaN,NaN,NaN,NaN,NaN
1417433400,NaN,NaN,NaN,NaN,NaN,NaN,NaN
1417433460,NaN,NaN,NaN,NaN,NaN,NaN,NaN
1417433520,NaN,NaN,NaN,NaN,NaN,NaN,NaN
1417433580,NaN,NaN,NaN,NaN,NaN,NaN,NaN
1417433640,NaN,NaN,NaN,NaN,NaN,NaN,NaN
1417433700,NaN,NaN,NaN,NaN,NaN,NaN,NaN
1417433760,NaN,NaN,NaN,NaN,NaN,NaN,NaN
1417433820,NaN,NaN,NaN,NaN,NaN,NaN,NaN
1417433880,NaN,NaN,NaN,NaN,NaN,NaN,NaN
1417433940,NaN,NaN,NaN,NaN,NaN,NaN,NaN
1417434000,NaN,NaN,NaN,NaN,NaN,NaN,NaN
1417434060,NaN,NaN,NaN,NaN,NaN,NaN,NaN
1417434120,NaN,NaN,NaN,NaN,NaN,NaN,NaN
1417434180,NaN,NaN,NaN,NaN,NaN,NaN,NaN
1417434240,NaN,NaN,NaN,NaN,NaN,NaN,NaN
1417434300,NaN,NaN,NaN,NaN,NaN,NaN,NaN
1417434360,NaN,NaN,NaN,NaN,NaN,NaN,NaN
1417434420,NaN,NaN,NaN,NaN,NaN,NaN,NaN
1417434480,NaN,NaN,NaN,NaN,NaN,NaN,NaN
1417434540,NaN,NaN,NaN,NaN,NaN,NaN,NaN
1417434600,NaN,NaN,NaN,NaN,NaN,NaN,NaN
1417434660,NaN,NaN,NaN,NaN,NaN,NaN,NaN
1417434720,NaN,NaN,NaN,NaN,NaN,NaN,NaN
1417434780,NaN,NaN,NaN,NaN,NaN,NaN,NaN
1417434840,NaN,NaN,NaN,NaN,NaN,NaN,NaN
1417434900,NaN,NaN,NaN,NaN,NaN,NaN,NaN
1417434960,NaN,NaN,NaN,NaN,NaN,NaN,NaN
1417435020,NaN,NaN,NaN,NaN,NaN,NaN,NaN
1417435080,NaN,NaN,NaN,NaN,NaN,NaN,NaN
1417435140,NaN,NaN,NaN,NaN,NaN,NaN,NaN
1417435200,NaN,NaN,NaN,NaN,NaN,NaN,NaN
1417435260,NaN,NaN,NaN,NaN,NaN,NaN,NaN
1417435320,NaN,NaN,NaN,NaN,NaN,NaN,NaN
1417435380,NaN,NaN,NaN,NaN,NaN,NaN,NaN
1417435440,NaN,NaN,NaN,NaN,NaN,NaN,NaN
1417435500,NaN,NaN,NaN,NaN,NaN,NaN,NaN
1417435560,NaN,NaN,NaN,NaN,NaN,NaN,NaN
1417435620,NaN,NaN,NaN,NaN,NaN,NaN,NaN
1417435680,NaN,NaN,NaN,NaN,NaN,NaN,NaN
1417435740,NaN,NaN,NaN,NaN,NaN,NaN,NaN
1417435800,NaN,NaN,NaN,NaN,NaN,NaN,NaN
1417435860,NaN,NaN,NaN,NaN,NaN,NaN,NaN
1417435920,NaN,NaN,NaN,NaN,NaN,NaN,NaN
1417435980,NaN,NaN,NaN,NaN,NaN,NaN,NaN
1417436040,NaN,NaN,NaN,NaN,NaN,NaN,NaN
1417436100,NaN,NaN,NaN,NaN,NaN,NaN,NaN
1417436160,NaN,NaN,NaN,NaN,NaN,NaN,NaN
1417436220,NaN,NaN,NaN,NaN,NaN,NaN,NaN
1417436280,NaN,NaN,NaN,NaN,NaN,NaN,NaN
1417436340,NaN,NaN,NaN,NaN,NaN,NaN,NaN
1417436400,NaN,NaN,NaN,NaN,NaN,NaN,NaN
1417436460,NaN,NaN,NaN,NaN,NaN,NaN,NaN
1417436520,NaN,NaN,NaN,NaN,NaN,NaN,NaN
1417436580,NaN,NaN,NaN,NaN,NaN,NaN,NaN
1417436640,NaN,NaN,NaN,NaN,NaN,NaN,NaN
1417436700,NaN,NaN,NaN,NaN,NaN,NaN,NaN
1417436760,NaN,NaN,NaN,NaN,NaN,NaN,NaN
1417436820,NaN,NaN,NaN,NaN,NaN,NaN,NaN
1417436880,NaN,NaN,NaN,NaN,NaN,NaN,NaN
1417436940,NaN,NaN,NaN,NaN,NaN,NaN,NaN
1417437000,NaN,NaN,NaN,NaN,NaN,NaN,NaN
1417437060,NaN,NaN,NaN,NaN,NaN,NaN,NaN
1417437120,NaN,NaN,NaN,NaN,NaN,NaN,NaN
1417437180,NaN,NaN,NaN,NaN,NaN,NaN,NaN
1417437240,NaN,NaN,NaN,NaN,NaN,NaN,NaN
1417437300,NaN,NaN,NaN,NaN,NaN,NaN,NaN
1417437360,NaN,NaN,NaN,NaN,NaN,NaN,NaN
1417437420,NaN,NaN,NaN,NaN,NaN,NaN,NaN
1417437480,NaN,NaN,NaN,NaN,NaN,NaN,NaN
1417437540,NaN,NaN,NaN,NaN,NaN,NaN,NaN
1417437600,NaN,NaN,NaN,NaN,NaN,NaN,NaN
1417437660,NaN,NaN,NaN,NaN,NaN,NaN,NaN
1417437720,NaN,NaN,NaN,NaN,NaN,NaN,NaN
1417437780,NaN,NaN,NaN,NaN,NaN,NaN,NaN
1417437840,NaN,NaN,NaN,NaN,NaN,NaN,NaN
1417437900,NaN,NaN,NaN,NaN,NaN,NaN,NaN
1417437960,NaN,NaN,NaN,NaN,NaN,NaN,NaN
1417438020,NaN,NaN,NaN,NaN,NaN,NaN,NaN
1417438080,NaN,NaN,NaN,NaN,NaN,NaN,NaN
1417438140,NaN,NaN,NaN,NaN,NaN,NaN,NaN
1417438200,NaN,NaN,NaN,NaN,NaN,NaN,NaN
1417438260,NaN,NaN,NaN,NaN,NaN,NaN,NaN
1417438320,NaN,NaN,NaN,NaN,NaN,NaN,NaN
1417438380,NaN,NaN,NaN,NaN,NaN,NaN,NaN
1417438440,NaN,NaN,NaN,NaN,NaN,NaN,NaN
1417438500,NaN,NaN,NaN,NaN,NaN,NaN,NaN
1417438560,NaN,NaN,NaN,NaN,NaN,NaN,NaN
1417438620,NaN,NaN,NaN,NaN,NaN,NaN,NaN
1417438680,NaN,NaN,NaN,NaN,NaN,NaN,NaN
1417438740,NaN,NaN,NaN,NaN,NaN,NaN,NaN
1417438800,NaN,NaN,NaN,NaN,NaN,NaN,NaN
1417438860,NaN,NaN,NaN,NaN,NaN,NaN,NaN
1417438920,NaN,NaN,NaN,NaN,NaN,NaN,NaN
1417438980,NaN,NaN,NaN,NaN,NaN,NaN,NaN
1417439040,NaN,NaN,NaN,NaN,NaN,NaN,NaN
1417439100,NaN,NaN,NaN,NaN,NaN,NaN,NaN
1417439160,NaN,NaN,NaN,NaN,NaN,NaN,NaN
1417439220,NaN,NaN,NaN,NaN,NaN,NaN,NaN
1417439280,NaN,NaN,NaN,NaN,NaN,NaN,NaN
1417439340,NaN,NaN,NaN,NaN,NaN,NaN,NaN
1417439400,NaN,NaN,NaN,NaN,NaN,NaN,NaN
1417439460,NaN,NaN,NaN,NaN,NaN,NaN,NaN
1417439520,NaN,NaN,NaN,NaN,NaN,NaN,NaN
1417439580,NaN,NaN,NaN,NaN,NaN,NaN,NaN
1417439640,NaN,NaN,NaN,NaN,NaN,NaN,NaN
1417439700,NaN,NaN,NaN,NaN,NaN,NaN,NaN
1417439760,NaN,NaN,NaN,NaN,NaN,NaN,NaN
1417439820,NaN,NaN,NaN,NaN,NaN,NaN,NaN
1417439880,NaN,NaN,NaN,NaN,NaN,NaN,NaN
1417439940,NaN,NaN,NaN,NaN,NaN,NaN,NaN
1417440000,NaN,NaN,NaN,NaN,NaN,NaN,NaN
1417440060,NaN,NaN,NaN,NaN,NaN,NaN,NaN
1417440120,NaN,NaN,NaN,NaN,NaN,NaN,NaN
1417440180,NaN,NaN,NaN,NaN,NaN,NaN,NaN
1417440240,NaN,NaN,NaN,NaN,NaN,NaN,NaN
1417440300,NaN,NaN,NaN,NaN,NaN,NaN,NaN
1417440360,NaN,NaN,NaN,NaN,NaN,NaN,NaN
1417440420,NaN,NaN,NaN,NaN,NaN,NaN,NaN
1417440480,NaN,NaN,NaN,NaN,NaN,NaN,NaN
1417440540,NaN,NaN,NaN,NaN,NaN,NaN,NaN
1417440600,NaN,NaN,NaN,NaN,NaN,NaN,NaN
1417440660,NaN,NaN,NaN,NaN,NaN,NaN,NaN
1417440720,NaN,NaN,NaN,NaN,NaN,NaN,NaN
1417440780,NaN,NaN,NaN,NaN,NaN,NaN,NaN
1417440840,NaN,NaN,NaN,NaN,NaN,NaN,NaN
1417440900,NaN,NaN,NaN,NaN,NaN,NaN,NaN
1417440960,NaN,NaN,NaN,NaN,NaN,NaN,NaN
1417441020,NaN,NaN,NaN,NaN,NaN,NaN,NaN
1417441080,NaN,NaN,NaN,NaN,NaN,NaN,NaN
1417441140,NaN,NaN,NaN,NaN,NaN,NaN,NaN
1417441200,NaN,NaN,NaN,NaN,NaN,NaN,NaN
1417441260,NaN,NaN,NaN,NaN,NaN,NaN,NaN
1417441320,NaN,NaN,NaN,NaN,NaN,NaN,NaN
1417441380,NaN,NaN,NaN,NaN,NaN,NaN,NaN
1417441440,NaN,NaN,NaN,NaN,NaN,NaN,NaN
1417441500,NaN,NaN,NaN,NaN,NaN,NaN,NaN
1417441560,NaN,NaN,NaN,NaN,NaN,NaN,NaN
1417441620,NaN,NaN,NaN,NaN,NaN,NaN,NaN
1417441680,NaN,NaN,NaN,NaN,NaN,NaN,NaN
1417441740,NaN,NaN,NaN,NaN,NaN,NaN,NaN
1417441800,NaN,NaN,NaN,NaN,NaN,NaN,NaN
1417441860,NaN,NaN,NaN,NaN,NaN,NaN,NaN
1417441920,NaN,NaN,NaN,NaN,NaN,NaN,NaN
1417441980,NaN,NaN,NaN,NaN,NaN,NaN,NaN
1417442040,NaN,NaN,NaN,NaN,NaN,NaN,NaN
1417442100,NaN,NaN,NaN,NaN,NaN,NaN,NaN
1417442160,NaN,NaN,NaN,NaN,NaN,NaN,NaN
1417442220,NaN,NaN,NaN,NaN,NaN,NaN,NaN
1417442280,NaN,NaN,NaN,NaN,NaN,NaN,NaN
1417442340,NaN,NaN,NaN,NaN,NaN,NaN,NaN
1417442400,NaN,NaN,NaN,NaN,NaN,NaN,NaN
1417442460,NaN,NaN,NaN,NaN,NaN,NaN,NaN
1417442520,NaN,NaN,NaN,NaN,NaN,NaN,NaN
1417442580,NaN,NaN,NaN,NaN,NaN,NaN,NaN
1417442640,NaN,NaN,NaN,NaN,NaN,NaN,NaN
1417442700,NaN,NaN,NaN,NaN,NaN,NaN,NaN
1417442760,NaN,NaN,NaN,NaN,NaN,NaN,NaN
1417442820,NaN,NaN,NaN,NaN,NaN,NaN,NaN
1417442880,NaN,NaN,NaN,NaN,NaN,NaN,NaN
1417442940,NaN,NaN,NaN,NaN,NaN,NaN,NaN
1417443000,NaN,NaN,NaN,NaN,NaN,NaN,NaN
1417443060,NaN,NaN,NaN,NaN,NaN,NaN,NaN
1417443120,NaN,NaN,NaN,NaN,NaN,NaN,NaN
1417443180,NaN,NaN,NaN,NaN,NaN,NaN,NaN
1417443240,NaN,NaN,NaN,NaN,NaN,NaN,NaN
1417443300,NaN,NaN,NaN,NaN,NaN,NaN,NaN
1417443360,NaN,NaN,NaN,NaN,NaN,NaN,NaN
1417443420,NaN,NaN,NaN,NaN,NaN,NaN,NaN
1417443480,NaN,NaN,NaN,NaN,NaN,NaN,NaN
1417443540,NaN,NaN,NaN,NaN,NaN,NaN,NaN
1417443600,NaN,NaN,NaN,NaN,NaN,NaN,NaN
1417443660,NaN,NaN,NaN,NaN,NaN,NaN,NaN
1417443720,NaN,NaN,NaN,NaN,NaN,NaN,NaN
1417443780,NaN,NaN,NaN,NaN,NaN,NaN,NaN
1417443840,NaN,NaN,NaN,NaN,NaN,NaN,NaN
1417443900,NaN,NaN,NaN,NaN,NaN,NaN,NaN
1417443960,NaN,NaN,NaN,NaN,NaN,NaN,NaN
1417444020,NaN,NaN,NaN,NaN,NaN,NaN,NaN
1417444080,NaN,NaN,NaN,NaN,NaN,NaN,NaN
1417444140,NaN,NaN,NaN,NaN,NaN,NaN,NaN
1417444200,NaN,NaN,NaN,NaN,NaN,NaN,NaN
1417444260,NaN,NaN,NaN,NaN,NaN,NaN,NaN
1417444320,NaN,NaN,NaN,NaN,NaN,NaN,NaN
1417444380,NaN,NaN,NaN,NaN,NaN,NaN,NaN
1417444440,NaN,NaN,NaN,NaN,NaN,NaN,NaN
1417444500,NaN,NaN,NaN,NaN,NaN,NaN,NaN
1417444560,NaN,NaN,NaN,NaN,NaN,NaN,NaN
1417444620,NaN,NaN,NaN,NaN,NaN,NaN,NaN
1417444680,NaN,NaN,NaN,NaN,NaN,NaN,NaN
1417444740,NaN,NaN,NaN,NaN,NaN,NaN,NaN
1417444800,NaN,NaN,NaN,NaN,NaN,NaN,NaN
1417444860,NaN,NaN,NaN,NaN,NaN,NaN,NaN
1417444920,NaN,NaN,NaN,NaN,NaN,NaN,NaN
1417444980,NaN,NaN,NaN,NaN,NaN,NaN,NaN
1417445040,NaN,NaN,NaN,NaN,NaN,NaN,NaN
1417445100,NaN,NaN,NaN,NaN,NaN,NaN,NaN
1417445160,NaN,NaN,NaN,NaN,NaN,NaN,NaN
1417445220,NaN,NaN,NaN,NaN,NaN,NaN,NaN
1417445280,NaN,NaN,NaN,NaN,NaN,NaN,NaN
1417445340,NaN,NaN,NaN,NaN,NaN,NaN,NaN
1417445400,NaN,NaN,NaN,NaN,NaN,NaN,NaN
1417445460,NaN,NaN,NaN,NaN,NaN,NaN,NaN
1417445520,NaN,NaN,NaN,NaN,NaN,NaN,NaN
1417445580,NaN,NaN,NaN,NaN,NaN,NaN,NaN
1417445640,NaN,NaN,NaN,NaN,NaN,NaN,NaN
1417445700,NaN,NaN,NaN,NaN,NaN,NaN,NaN
1417445760,NaN,NaN,NaN,NaN,NaN,NaN,NaN
1417445820,NaN,NaN,NaN,NaN,NaN,NaN,NaN
1417445880,NaN,NaN,NaN,NaN,NaN,NaN,NaN
1417445940,NaN,NaN,NaN,NaN,NaN,NaN,NaN
1417446000,NaN,NaN,NaN,NaN,NaN,NaN,NaN
1417446060,NaN,NaN,NaN,NaN,NaN,NaN,NaN
1417446120,NaN,NaN,NaN,NaN,NaN,NaN,NaN
1417446180,NaN,NaN,NaN,NaN,NaN,NaN,NaN
1417446240,NaN,NaN,NaN,NaN,NaN,NaN,NaN
1417446300,NaN,NaN,NaN,NaN,NaN,NaN,NaN
1417446360,NaN,NaN,NaN,NaN,NaN,NaN,NaN
1417446420,NaN,NaN,NaN,NaN,NaN,NaN,NaN
1417446480,NaN,NaN,NaN,NaN,NaN,NaN,NaN
1417446540,NaN,NaN,NaN,NaN,NaN,NaN,NaN
1417446600,NaN,NaN,NaN,NaN,NaN,NaN,NaN
1417446660,NaN,NaN,NaN,NaN,NaN,NaN,NaN
1417446720,NaN,NaN,NaN,NaN,NaN,NaN,NaN
1417446780,NaN,NaN,NaN,NaN,NaN,NaN,NaN
1417446840,NaN,NaN,NaN,NaN,NaN,NaN,NaN
1417446900,NaN,NaN,NaN,NaN,NaN,NaN,NaN
1417446960,NaN,NaN,NaN,NaN,NaN,NaN,NaN
1417447020,NaN,NaN,NaN,NaN,NaN,NaN,NaN
1417447080,NaN,NaN,NaN,NaN,NaN,NaN,NaN
1417447140,NaN,NaN,NaN,NaN,NaN,NaN,NaN
1417447200,NaN,NaN,NaN,NaN,NaN,NaN,NaN
1417447260,NaN,NaN,NaN,NaN,NaN,NaN,NaN
1417447320,NaN,NaN,NaN,NaN,NaN,NaN,NaN
1417447380,NaN,NaN,NaN,NaN,NaN,NaN,NaN
1417447440,NaN,NaN,NaN,NaN,NaN,NaN,NaN
1417447500,NaN,NaN,NaN,NaN,NaN,NaN,NaN
1417447560,NaN,NaN,NaN,NaN,NaN,NaN,NaN
1417447620,NaN,NaN,NaN,NaN,NaN,NaN,NaN
1417447680,NaN,NaN,NaN,NaN,NaN,NaN,NaN
1417447740,NaN,NaN,NaN,NaN,NaN,NaN,NaN
1417447800,NaN,NaN,NaN,NaN,NaN,NaN,NaN
1417447860,NaN,NaN,NaN,NaN,NaN,NaN,NaN
1417447920,NaN,NaN,NaN,NaN,NaN,NaN,NaN
1417447980,NaN,NaN,NaN,NaN,NaN,NaN,NaN
1417448040,NaN,NaN,NaN,NaN,NaN,NaN,NaN
1417448100,NaN,NaN,NaN,NaN,NaN,NaN,NaN
1417448160,NaN,NaN,NaN,NaN,NaN,NaN,NaN
1417448220,NaN,NaN,NaN,NaN,NaN,NaN,NaN
1417448280,NaN,NaN,NaN,NaN,NaN,NaN,NaN
1417448340,NaN,NaN,NaN,NaN,NaN,NaN,NaN
1417448400,NaN,NaN,NaN,NaN,NaN,NaN,NaN
1417448460,NaN,NaN,NaN,NaN,NaN,NaN,NaN
1417448520,NaN,NaN,NaN,NaN,NaN,NaN,NaN
1417448580,NaN,NaN,NaN,NaN,NaN,NaN,NaN
1417448640,NaN,NaN,NaN,NaN,NaN,NaN,NaN
1417448700,NaN,NaN,NaN,NaN,NaN,NaN,NaN
1417448760,NaN,NaN,NaN,NaN,NaN,NaN,NaN
1417448820,NaN,NaN,NaN,NaN,NaN,NaN,NaN
1417448880,NaN,NaN,NaN,NaN,NaN,NaN,NaN
1417448940,NaN,NaN,NaN,NaN,NaN,NaN,NaN
1417449000,NaN,NaN,NaN,NaN,NaN,NaN,NaN
1417449060,NaN,NaN,NaN,NaN,NaN,NaN,NaN
1417449120,NaN,NaN,NaN,NaN,NaN,NaN,NaN
1417449180,NaN,NaN,NaN,NaN,NaN,NaN,NaN
1417449240,NaN,NaN,NaN,NaN,NaN,NaN,NaN
1417449300,NaN,NaN,NaN,NaN,NaN,NaN,NaN
1417449360,NaN,NaN,NaN,NaN,NaN,NaN,NaN
1417449420,NaN,NaN,NaN,NaN,NaN,NaN,NaN
1417449480,NaN,NaN,NaN,NaN,NaN,NaN,NaN
1417449540,NaN,NaN,NaN,NaN,NaN,NaN,NaN
1417449600,NaN,NaN,NaN,NaN,NaN,NaN,NaN
1417449660,NaN,NaN,NaN,NaN,NaN,NaN,NaN
1417449720,NaN,NaN,NaN,NaN,NaN,NaN,NaN
1417449780,NaN,NaN,NaN,NaN,NaN,NaN,NaN
1417449840,NaN,NaN,NaN,NaN,NaN,NaN,NaN
1417449900,NaN,NaN,NaN,NaN,NaN,NaN,NaN
1417449960,NaN,NaN,NaN,NaN,NaN,NaN,NaN
1417450020,NaN,NaN,NaN,NaN,NaN,NaN,NaN
1417450080,NaN,NaN,NaN,NaN,NaN,NaN,NaN
1417450140,NaN,NaN,NaN,NaN,NaN,NaN,NaN
1417450200,NaN,NaN,NaN,NaN,NaN,NaN,NaN
1417450260,NaN,NaN,NaN,NaN,NaN,NaN,NaN
1417450320,NaN,NaN,NaN,NaN,NaN,NaN,NaN
1417450380,NaN,NaN,NaN,NaN,NaN,NaN,NaN
1417450440,NaN,NaN,NaN,NaN,NaN,NaN,NaN
1417450500,NaN,NaN,NaN,NaN,NaN,NaN,NaN
1417450560,NaN,NaN,NaN,NaN,NaN,NaN,NaN
1417450620,NaN,NaN,NaN,NaN,NaN,NaN,NaN
1417450680,NaN,NaN,NaN,NaN,NaN,NaN,NaN
1417450740,NaN,NaN,NaN,NaN,NaN,NaN,NaN
1417450800,NaN,NaN,NaN,NaN,NaN,NaN,NaN
1417450860,NaN,NaN,NaN,NaN,NaN,NaN,NaN
1417450920,NaN,NaN,NaN,NaN,NaN,NaN,NaN
1417450980,NaN,NaN,NaN,NaN,NaN,NaN,NaN
1417451040,NaN,NaN,NaN,NaN,NaN,NaN,NaN
1417451100,NaN,NaN,NaN,NaN,NaN,NaN,NaN
1417451160,NaN,NaN,NaN,NaN,NaN,NaN,NaN
1417451220,NaN,NaN,NaN,NaN,NaN,NaN,NaN
1417451280,NaN,NaN,NaN,NaN,NaN,NaN,NaN
1417451340,NaN,NaN,NaN,NaN,NaN,NaN,NaN
1417451400,NaN,NaN,NaN,NaN,NaN,NaN,NaN
1417451460,NaN,NaN,NaN,NaN,NaN,NaN,NaN
1417451520,NaN,NaN,NaN,NaN,NaN,NaN,NaN
1417451580,NaN,NaN,NaN,NaN,NaN,NaN,NaN
1417451640,NaN,NaN,NaN,NaN,NaN,NaN,NaN
1417451700,NaN,NaN,NaN,NaN,NaN,NaN,NaN
1417451760,NaN,NaN,NaN,NaN,NaN,NaN,NaN
1417451820,NaN,NaN,NaN,NaN,NaN,NaN,NaN
1417451880,NaN,NaN,NaN,NaN,NaN,NaN,NaN
1417451940,NaN,NaN,NaN,NaN,NaN,NaN,NaN
1417452000,NaN,NaN,NaN,NaN,NaN,NaN,NaN
1417452060,NaN,NaN,NaN,NaN,NaN,NaN,NaN
1417452120,NaN,NaN,NaN,NaN,NaN,NaN,NaN
1417452180,NaN,NaN,NaN,NaN,NaN,NaN,NaN
1417452240,NaN,NaN,NaN,NaN,NaN,NaN,NaN
1417452300,NaN,NaN,NaN,NaN,NaN,NaN,NaN
1417452360,NaN,NaN,NaN,NaN,NaN,NaN,NaN
1417452420,NaN,NaN,NaN,NaN,NaN,NaN,NaN
1417452480,NaN,NaN,NaN,NaN,NaN,NaN,NaN
1417452540,NaN,NaN,NaN,NaN,NaN,NaN,NaN
1417452600,NaN,NaN,NaN,NaN,NaN,NaN,NaN
1417452660,NaN,NaN,NaN,NaN,NaN,NaN,NaN
1417452720,NaN,NaN,NaN,NaN,NaN,NaN,NaN
1417452780,NaN,NaN,NaN,NaN,NaN,NaN,NaN
1417452840,NaN,NaN,NaN,NaN,NaN,NaN,NaN
1417452900,NaN,NaN,NaN,NaN,NaN,NaN,NaN
1417452960,NaN,NaN,NaN,NaN,NaN,NaN,NaN
1417453020,NaN,NaN,NaN,NaN,NaN,NaN,NaN
1417453080,NaN,NaN,NaN,NaN,NaN,NaN,NaN
1417453140,NaN,NaN,NaN,NaN,NaN,NaN,NaN
1417453200,NaN,NaN,NaN,NaN,NaN,NaN,NaN
1417453260,NaN,NaN,NaN,NaN,NaN,NaN,NaN
1417453320,NaN,NaN,NaN,NaN,NaN,NaN,NaN
1417453380,NaN,NaN,NaN,NaN,NaN,NaN,NaN
1417453440,NaN,NaN,NaN,NaN,NaN,NaN,NaN
1417453500,NaN,NaN,NaN,NaN,NaN,NaN,NaN
1417453560,NaN,NaN,NaN,NaN,NaN,NaN,NaN
1417453620,NaN,NaN,NaN,NaN,NaN,NaN,NaN
1417453680,NaN,NaN,NaN,NaN,NaN,NaN,NaN
1417453740,NaN,NaN,NaN,NaN,NaN,NaN,NaN
1417453800,NaN,NaN,NaN,NaN,NaN,NaN,NaN
1417453860,NaN,NaN,NaN,NaN,NaN,NaN,NaN
1417453920,NaN,NaN,NaN,NaN,NaN,NaN,NaN
1417453980,NaN,NaN,NaN,NaN,NaN,NaN,NaN
1417454040,NaN,NaN,NaN,NaN,NaN,NaN,NaN
1417454100,NaN,NaN,NaN,NaN,NaN,NaN,NaN
1417454160,NaN,NaN,NaN,NaN,NaN,NaN,NaN
1417454220,NaN,NaN,NaN,NaN,NaN,NaN,NaN
1417454280,NaN,NaN,NaN,NaN,NaN,NaN,NaN
1417454340,NaN,NaN,NaN,NaN,NaN,NaN,NaN
1417454400,NaN,NaN,NaN,NaN,NaN,NaN,NaN
1417454460,NaN,NaN,NaN,NaN,NaN,NaN,NaN
1417454520,NaN,NaN,NaN,NaN,NaN,NaN,NaN
1417454580,NaN,NaN,NaN,NaN,NaN,NaN,NaN
1417454640,NaN,NaN,NaN,NaN,NaN,NaN,NaN
1417454700,NaN,NaN,NaN,NaN,NaN,NaN,NaN
1417454760,NaN,NaN,NaN,NaN,NaN,NaN,NaN
1417454820,NaN,NaN,NaN,NaN,NaN,NaN,NaN
1417454880,NaN,NaN,NaN,NaN,NaN,NaN,NaN
1417454940,NaN,NaN,NaN,NaN,NaN,NaN,NaN
1417455000,NaN,NaN,NaN,NaN,NaN,NaN,NaN
1417455060,NaN,NaN,NaN,NaN,NaN,NaN,NaN
1417455120,NaN,NaN,NaN,NaN,NaN,NaN,NaN
1417455180,NaN,NaN,NaN,NaN,NaN,NaN,NaN
1417455240,NaN,NaN,NaN,NaN,NaN,NaN,NaN
1417455300,NaN,NaN,NaN,NaN,NaN,NaN,NaN
1417455360,NaN,NaN,NaN,NaN,NaN,NaN,NaN
1417455420,NaN,NaN,NaN,NaN,NaN,NaN,NaN
1417455480,NaN,NaN,NaN,NaN,NaN,NaN,NaN
1417455540,NaN,NaN,NaN,NaN,NaN,NaN,NaN
1417455600,NaN,NaN,NaN,NaN,NaN,NaN,NaN
1417455660,NaN,NaN,NaN,NaN,NaN,NaN,NaN
1417455720,NaN,NaN,NaN,NaN,NaN,NaN,NaN
1417455780,NaN,NaN,NaN,NaN,NaN,NaN,NaN
1417455840,NaN,NaN,NaN,NaN,NaN,NaN,NaN
1417455900,NaN,NaN,NaN,NaN,NaN,NaN,NaN
1417455960,NaN,NaN,NaN,NaN,NaN,NaN,NaN
1417456020,NaN,NaN,NaN,NaN,NaN,NaN,NaN
1417456080,NaN,NaN,NaN,NaN,NaN,NaN,NaN
1417456140,NaN,NaN,NaN,NaN,NaN,NaN,NaN
1417456200,NaN,NaN,NaN,NaN,NaN,NaN,NaN
1417456260,NaN,NaN,NaN,NaN,NaN,NaN,NaN
1417456320,NaN,NaN,NaN,NaN,NaN,NaN,NaN
1417456380,NaN,NaN,NaN,NaN,NaN,NaN,NaN
1417456440,NaN,NaN,NaN,NaN,NaN,NaN,NaN
1417456500,NaN,NaN,NaN,NaN,NaN,NaN,NaN
1417456560,NaN,NaN,NaN,NaN,NaN,NaN,NaN
1417456620,NaN,NaN,NaN,NaN,NaN,NaN,NaN
1417456680,NaN,NaN,NaN,NaN,NaN,NaN,NaN
1417456740,NaN,NaN,NaN,NaN,NaN,NaN,NaN
1417456800,NaN,NaN,NaN,NaN,NaN,NaN,NaN
1417456860,NaN,NaN,NaN,NaN,NaN,NaN,NaN
1417456920,NaN,NaN,NaN,NaN,NaN,NaN,NaN
1417456980,NaN,NaN,NaN,NaN,NaN,NaN,NaN
1417457040,NaN,NaN,NaN,NaN,NaN,NaN,NaN
1417457100,NaN,NaN,NaN,NaN,NaN,NaN,NaN
1417457160,NaN,NaN,NaN,NaN,NaN,NaN,NaN
1417457220,NaN,NaN,NaN,NaN,NaN,NaN,NaN
1417457280,NaN,NaN,NaN,NaN,NaN,NaN,NaN
1417457340,NaN,NaN,NaN,NaN,NaN,NaN,NaN
1417457400,NaN,NaN,NaN,NaN,NaN,NaN,NaN
1417457460,NaN,NaN,NaN,NaN,NaN,NaN,NaN
1417457520,NaN,NaN,NaN,NaN,NaN,NaN,NaN
1417457580,NaN,NaN,NaN,NaN,NaN,NaN,NaN
1417457640,NaN,NaN,NaN,NaN,NaN,NaN,NaN
1417457700,NaN,NaN,NaN,NaN,NaN,NaN,NaN
1417457760,NaN,NaN,NaN,NaN,NaN,NaN,NaN
1417457820,NaN,NaN,NaN,NaN,NaN,NaN,NaN
1417457880,NaN,NaN,NaN,NaN,NaN,NaN,NaN
1417457940,NaN,NaN,NaN,NaN,NaN,NaN,NaN
1417458000,NaN,NaN,NaN,NaN,NaN,NaN,NaN
1417458060,NaN,NaN,NaN,NaN,NaN,NaN,NaN
1417458120,NaN,NaN,NaN,NaN,NaN,NaN,NaN
1417458180,NaN,NaN,NaN,NaN,NaN,NaN,NaN
1417458240,NaN,NaN,NaN,NaN,NaN,NaN,NaN
1417458300,NaN,NaN,NaN,NaN,NaN,NaN,NaN
1417458360,NaN,NaN,NaN,NaN,NaN,NaN,NaN
1417458420,NaN,NaN,NaN,NaN,NaN,NaN,NaN
1417458480,NaN,NaN,NaN,NaN,NaN,NaN,NaN
1417458540,NaN,NaN,NaN,NaN,NaN,NaN,NaN
1417458600,NaN,NaN,NaN,NaN,NaN,NaN,NaN
1417458660,NaN,NaN,NaN,NaN,NaN,NaN,NaN
1417458720,NaN,NaN,NaN,NaN,NaN,NaN,NaN
1417458780,NaN,NaN,NaN,NaN,NaN,NaN,NaN
1417458840,NaN,NaN,NaN,NaN,NaN,NaN,NaN
1417458900,NaN,NaN,NaN,NaN,NaN,NaN,NaN
1417458960,NaN,NaN,NaN,NaN,NaN,NaN,NaN
1417459020,NaN,NaN,NaN,NaN,NaN,NaN,NaN
1417459080,NaN,NaN,NaN,NaN,NaN,NaN,NaN
1417459140,NaN,NaN,NaN,NaN,NaN,NaN,NaN
1417459200,NaN,NaN,NaN,NaN,NaN,NaN,NaN
1417459260,NaN,NaN,NaN,NaN,NaN,NaN,NaN
1417459320,NaN,NaN,NaN,NaN,NaN,NaN,NaN
1417459380,NaN,NaN,NaN,NaN,NaN,NaN,NaN
1417459440,NaN,NaN,NaN,NaN,NaN,NaN,NaN
1417459500,NaN,NaN,NaN,NaN,NaN,NaN,NaN
1417459560,NaN,NaN,NaN,NaN,NaN,NaN,NaN
1417459620,NaN,NaN,NaN,NaN,NaN,NaN,NaN
1417459680,NaN,NaN,NaN,NaN,NaN,NaN,NaN
1417459740,NaN,NaN,NaN,NaN,NaN,NaN,NaN
1417459800,NaN,NaN,NaN,NaN,NaN,NaN,NaN
1417459860,NaN,NaN,NaN,NaN,NaN,NaN,NaN
1417459920,NaN,NaN,NaN,NaN,NaN,NaN,NaN
1417459980,NaN,NaN,NaN,NaN,NaN,NaN,NaN
1417460040,NaN,NaN,NaN,NaN,NaN,NaN,NaN
1417460100,NaN,NaN,NaN,NaN,NaN,NaN,NaN
1417460160,NaN,NaN,NaN,NaN,NaN,NaN,NaN
1417460220,NaN,NaN,NaN,NaN,NaN,NaN,NaN
1417460280,NaN,NaN,NaN,NaN,NaN,NaN,NaN
1417460340,NaN,NaN,NaN,NaN,NaN,NaN,NaN
1417460400,NaN,NaN,NaN,NaN,NaN,NaN,NaN
1417460460,NaN,NaN,NaN,NaN,NaN,NaN,NaN
1417460520,NaN,NaN,NaN,NaN,NaN,NaN,NaN
1417460580,NaN,NaN,NaN,NaN,NaN,NaN,NaN
1417460640,NaN,NaN,NaN,NaN,NaN,NaN,NaN
1417460700,NaN,NaN,NaN,NaN,NaN,NaN,NaN
1417460760,NaN,NaN,NaN,NaN,NaN,NaN,NaN
1417460820,NaN,NaN,NaN,NaN,NaN,NaN,NaN
1417460880,NaN,NaN,NaN,NaN,NaN,NaN,NaN
1417460940,NaN,NaN,NaN,NaN,NaN,NaN,NaN
1417461000,NaN,NaN,NaN,NaN,NaN,NaN,NaN
1417461060,NaN,NaN,NaN,NaN,NaN,NaN,NaN
1417461120,NaN,NaN,NaN,NaN,NaN,NaN,NaN
1417461180,NaN,NaN,NaN,NaN,NaN,NaN,NaN
1417461240,NaN,NaN,NaN,NaN,NaN,NaN,NaN
1417461300,NaN,NaN,NaN,NaN,NaN,NaN,NaN
1417461360,NaN,NaN,NaN,NaN,NaN,NaN,NaN
1417461420,NaN,NaN,NaN,NaN,NaN,NaN,NaN
1417461480,NaN,NaN,NaN,NaN,NaN,NaN,NaN
1417461540,NaN,NaN,NaN,NaN,NaN,NaN,NaN
1417461600,NaN,NaN,NaN,NaN,NaN,NaN,NaN
1417461660,NaN,NaN,NaN,NaN,NaN,NaN,NaN
1417461720,NaN,NaN,NaN,NaN,NaN,NaN,NaN
1417461780,NaN,NaN,NaN,NaN,NaN,NaN,NaN
1417461840,NaN,NaN,NaN,NaN,NaN,NaN,NaN
1417461900,NaN,NaN,NaN,NaN,NaN,NaN,NaN
1417461960,NaN,NaN,NaN,NaN,NaN,NaN,NaN
1417462020,NaN,NaN,NaN,NaN,NaN,NaN,NaN
1417462080,NaN,NaN,NaN,NaN,NaN,NaN,NaN
1417462140,NaN,NaN,NaN,NaN,NaN,NaN,NaN
1417462200,NaN,NaN,NaN,NaN,NaN,NaN,NaN
1417462260,NaN,NaN,NaN,NaN,NaN,NaN,NaN
1417462320,NaN,NaN,NaN,NaN,NaN,NaN,NaN
1417462380,NaN,NaN,NaN,NaN,NaN,NaN,NaN
1417462440,NaN,NaN,NaN,NaN,NaN,NaN,NaN
1417462500,NaN,NaN,NaN,NaN,NaN,NaN,NaN
1417462560,NaN,NaN,NaN,NaN,NaN,NaN,NaN
1417462620,NaN,NaN,NaN,NaN,NaN,NaN,NaN
1417462680,NaN,NaN,NaN,NaN,NaN,NaN,NaN
1417462740,NaN,NaN,NaN,NaN,NaN,NaN,NaN
1417462800,NaN,NaN,NaN,NaN,NaN,NaN,NaN
1417462860,NaN,NaN,NaN,NaN,NaN,NaN,NaN
1417462920,NaN,NaN,NaN,NaN,NaN,NaN,NaN
1417462980,NaN,NaN,NaN,NaN,NaN,NaN,NaN
1417463040,NaN,NaN,NaN,NaN,NaN,NaN,NaN
1417463100,NaN,NaN,NaN,NaN,NaN,NaN,NaN
1417463160,NaN,NaN,NaN,NaN,NaN,NaN,NaN
1417463220,NaN,NaN,NaN,NaN,NaN,NaN,NaN
1417463280,NaN,NaN,NaN,NaN,NaN,NaN,NaN
1417463340,NaN,NaN,NaN,NaN,NaN,NaN,NaN
1417463400,NaN,NaN,NaN,NaN,NaN,NaN,NaN
1417463460,NaN,NaN,NaN,NaN,NaN,NaN,NaN
1417463520,NaN,NaN,NaN,NaN,NaN,NaN,NaN
1417463580,NaN,NaN,NaN,NaN,NaN,NaN,NaN
1417463640,NaN,NaN,NaN,NaN,NaN,NaN,NaN
1417463700,NaN,NaN,NaN,NaN,NaN,NaN,NaN
1417463760,NaN,NaN,NaN,NaN,NaN,NaN,NaN
1417463820,NaN,NaN,NaN,NaN,NaN,NaN,NaN
1417463880,NaN,NaN,NaN,NaN,NaN,NaN,NaN
1417463940,NaN,NaN,NaN,NaN,NaN,NaN,NaN
1417464000,NaN,NaN,NaN,NaN,NaN,NaN,NaN
1417464060,NaN,NaN,NaN,NaN,NaN,NaN,NaN
1417464120,NaN,NaN,NaN,NaN,NaN,NaN,NaN
1417464180,NaN,NaN,NaN,NaN,NaN,NaN,NaN
1417464240,NaN,NaN,NaN,NaN,NaN,NaN,NaN
1417464300,NaN,NaN,NaN,NaN,NaN,NaN,NaN
1417464360,NaN,NaN,NaN,NaN,NaN,NaN,NaN
1417464420,NaN,NaN,NaN,NaN,NaN,NaN,NaN
1417464480,NaN,NaN,NaN,NaN,NaN,NaN,NaN
1417464540,NaN,NaN,NaN,NaN,NaN,NaN,NaN
1417464600,NaN,NaN,NaN,NaN,NaN,NaN,NaN
1417464660,NaN,NaN,NaN,NaN,NaN,NaN,NaN
1417464720,NaN,NaN,NaN,NaN,NaN,NaN,NaN
1417464780,NaN,NaN,NaN,NaN,NaN,NaN,NaN
1417464840,NaN,NaN,NaN,NaN,NaN,NaN,NaN
1417464900,NaN,NaN,NaN,NaN,NaN,NaN,NaN
1417464960,NaN,NaN,NaN,NaN,NaN,NaN,NaN
1417465020,NaN,NaN,NaN,NaN,NaN,NaN,NaN
1417465080,NaN,NaN,NaN,NaN,NaN,NaN,NaN
1417465140,NaN,NaN,NaN,NaN,NaN,NaN,NaN
1417465200,NaN,NaN,NaN,NaN,NaN,NaN,NaN
1417465260,NaN,NaN,NaN,NaN,NaN,NaN,NaN
1417465320,NaN,NaN,NaN,NaN,NaN,NaN,NaN
1417465380,NaN,NaN,NaN,NaN,NaN,NaN,NaN
1417465440,NaN,NaN,NaN,NaN,NaN,NaN,NaN
1417465500,NaN,NaN,NaN,NaN,NaN,NaN,NaN
1417465560,NaN,NaN,NaN,NaN,NaN,NaN,NaN
1417465620,NaN,NaN,NaN,NaN,NaN,NaN,NaN
1417465680,NaN,NaN,NaN,NaN,NaN,NaN,NaN
1417465740,NaN,NaN,NaN,NaN,NaN,NaN,NaN
1417465800,NaN,NaN,NaN,NaN,NaN,NaN,NaN
1417465860,NaN,NaN,NaN,NaN,NaN,NaN,NaN
1417465920,NaN,NaN,NaN,NaN,NaN,NaN,NaN
1417465980,NaN,NaN,NaN,NaN,NaN,NaN,NaN
1417466040,NaN,NaN,NaN,NaN,NaN,NaN,NaN
1417466100,NaN,NaN,NaN,NaN,NaN,NaN,NaN
1417466160,NaN,NaN,NaN,NaN,NaN,NaN,NaN
1417466220,NaN,NaN,NaN,NaN,NaN,NaN,NaN
1417466280,NaN,NaN,NaN,NaN,NaN,NaN,NaN
1417466340,NaN,NaN,NaN,NaN,NaN,NaN,NaN
1417466400,NaN,NaN,NaN,NaN,NaN,NaN,NaN
1417466460,NaN,NaN,NaN,NaN,NaN,NaN,NaN
1417466520,NaN,NaN,NaN,NaN,NaN,NaN,NaN
1417466580,NaN,NaN,NaN,NaN,NaN,NaN,NaN
1417466640,NaN,NaN,NaN,NaN,NaN,NaN,NaN
1417466700,NaN,NaN,NaN,NaN,NaN,NaN,NaN
1417466760,NaN,NaN,NaN,NaN,NaN,NaN,NaN
1417466820,NaN,NaN,NaN,NaN,NaN,NaN,NaN
1417466880,NaN,NaN,NaN,NaN,NaN,NaN,NaN
1417466940,NaN,NaN,NaN,NaN,NaN,NaN,NaN
1417467000,NaN,NaN,NaN,NaN,NaN,NaN,NaN
1417467060,NaN,NaN,NaN,NaN,NaN,NaN,NaN
1417467120,NaN,NaN,NaN,NaN,NaN,NaN,NaN
1417467180,NaN,NaN,NaN,NaN,NaN,NaN,NaN
1417467240,NaN,NaN,NaN,NaN,NaN,NaN,NaN
1417467300,NaN,NaN,NaN,NaN,NaN,NaN,NaN
1417467360,NaN,NaN,NaN,NaN,NaN,NaN,NaN
1417467420,NaN,NaN,NaN,NaN,NaN,NaN,NaN
1417467480,NaN,NaN,NaN,NaN,NaN,NaN,NaN
1417467540,NaN,NaN,NaN,NaN,NaN,NaN,NaN
1417467600,NaN,NaN,NaN,NaN,NaN,NaN,NaN
1417467660,NaN,NaN,NaN,NaN,NaN,NaN,NaN
1417467720,NaN,NaN,NaN,NaN,NaN,NaN,NaN
1417467780,NaN,NaN,NaN,NaN,NaN,NaN,NaN
1417467840,NaN,NaN,NaN,NaN,NaN,NaN,NaN
1417467900,NaN,NaN,NaN,NaN,NaN,NaN,NaN
1417467960,NaN,NaN,NaN,NaN,NaN,NaN,NaN
1417468020,NaN,NaN,NaN,NaN,NaN,NaN,NaN
1417468080,NaN,NaN,NaN,NaN,NaN,NaN,NaN
1417468140,NaN,NaN,NaN,NaN,NaN,NaN,NaN
1417468200,NaN,NaN,NaN,NaN,NaN,NaN,NaN
1417468260,NaN,NaN,NaN,NaN,NaN,NaN,NaN
1417468320,NaN,NaN,NaN,NaN,NaN,NaN,NaN
1417468380,NaN,NaN,NaN,NaN,NaN,NaN,NaN
1417468440,NaN,NaN,NaN,NaN,NaN,NaN,NaN
1417468500,NaN,NaN,NaN,NaN,NaN,NaN,NaN
1417468560,NaN,NaN,NaN,NaN,NaN,NaN,NaN
1417468620,NaN,NaN,NaN,NaN,NaN,NaN,NaN
1417468680,NaN,NaN,NaN,NaN,NaN,NaN,NaN
1417468740,NaN,NaN,NaN,NaN,NaN,NaN,NaN
1417468800,NaN,NaN,NaN,NaN,NaN,NaN,NaN
1417468860,NaN,NaN,NaN,NaN,NaN,NaN,NaN
1417468920,NaN,NaN,NaN,NaN,NaN,NaN,NaN
1417468980,NaN,NaN,NaN,NaN,NaN,NaN,NaN
1417469040,NaN,NaN,NaN,NaN,NaN,NaN,NaN
1417469100,NaN,NaN,NaN,NaN,NaN,NaN,NaN
1417469160,NaN,NaN,NaN,NaN,NaN,NaN,NaN
1417469220,NaN,NaN,NaN,NaN,NaN,NaN,NaN
1417469280,NaN,NaN,NaN,NaN,NaN,NaN,NaN
1417469340,NaN,NaN,NaN,NaN,NaN,NaN,NaN
1417469400,NaN,NaN,NaN,NaN,NaN,NaN,NaN
1417469460,NaN,NaN,NaN,NaN,NaN,NaN,NaN
1417469520,NaN,NaN,NaN,NaN,NaN,NaN,NaN
1417469580,NaN,NaN,NaN,NaN,NaN,NaN,NaN
1417469640,NaN,NaN,NaN,NaN,NaN,NaN,NaN
1417469700,NaN,NaN,NaN,NaN,NaN,NaN,NaN
1417469760,NaN,NaN,NaN,NaN,NaN,NaN,NaN
1417469820,NaN,NaN,NaN,NaN,NaN,NaN,NaN
1417469880,NaN,NaN,NaN,NaN,NaN,NaN,NaN
1417469940,NaN,NaN,NaN,NaN,NaN,NaN,NaN
1417470000,NaN,NaN,NaN,NaN,NaN,NaN,NaN
1417470060,NaN,NaN,NaN,NaN,NaN,NaN,NaN
1417470120,NaN,NaN,NaN,NaN,NaN,NaN,NaN
1417470180,NaN,NaN,NaN,NaN,NaN,NaN,NaN
1417470240,NaN,NaN,NaN,NaN,NaN,NaN,NaN
1417470300,NaN,NaN,NaN,NaN,NaN,NaN,NaN
1417470360,NaN,NaN,NaN,NaN,NaN,NaN,NaN
1417470420,NaN,NaN,NaN,NaN,NaN,NaN,NaN
1417470480,NaN,NaN,NaN,NaN,NaN,NaN,NaN
1417470540,NaN,NaN,NaN,NaN,NaN,NaN,NaN
1417470600,NaN,NaN,NaN,NaN,NaN,NaN,NaN
1417470660,NaN,NaN,NaN,NaN,NaN,NaN,NaN
1417470720,NaN,NaN,NaN,NaN,NaN,NaN,NaN
1417470780,NaN,NaN,NaN,NaN,NaN,NaN,NaN
1417470840,NaN,NaN,NaN,NaN,NaN,NaN,NaN
1417470900,NaN,NaN,NaN,NaN,NaN,NaN,NaN
1417470960,NaN,NaN,NaN,NaN,NaN,NaN,NaN
1417471020,NaN,NaN,NaN,NaN,NaN,NaN,NaN
1417471080,NaN,NaN,NaN,NaN,NaN,NaN,NaN
1417471140,NaN,NaN,NaN,NaN,NaN,NaN,NaN
1417471200,NaN,NaN,NaN,NaN,NaN,NaN,NaN
1417471260,NaN,NaN,NaN,NaN,NaN,NaN,NaN
1417471320,NaN,NaN,NaN,NaN,NaN,NaN,NaN
1417471380,NaN,NaN,NaN,NaN,NaN,NaN,NaN
1417471440,NaN,NaN,NaN,NaN,NaN,NaN,NaN
1417471500,NaN,NaN,NaN,NaN,NaN,NaN,NaN
1417471560,NaN,NaN,NaN,NaN,NaN,NaN,NaN
1417471620,NaN,NaN,NaN,NaN,NaN,NaN,NaN
1417471680,NaN,NaN,NaN,NaN,NaN,NaN,NaN
1417471740,NaN,NaN,NaN,NaN,NaN,NaN,NaN
1417471800,NaN,NaN,NaN,NaN,NaN,NaN,NaN
1417471860,NaN,NaN,NaN,NaN,NaN,NaN,NaN
1546853100,4007.29,4007.29,4001.5,4001.51,7.29659546,29202.143209,4002.160099
1546853160,4006.2,4006.2,4001.1,4002,0.52008939,2081.4735967,4002.1458555
1546853220,4002,4005.5,4002,4004.95,1.11604003,4469.4127423,4004.706482
1546853280,4004.95,4004.95,4001.79,4001.79,1.68730797,6753.0192011,4002.2445939
1546853340,4001.92,4002.88,4001.8,4002.01,0.67323997,2694.3265852,4002.0300416
1546853400,4002.01,4005.54,4002.01,4005.54,5.80356125,23235.228264,4003.6155841
1546853460,4005.53,4008.36,4005.53,4006.28,11.11443184,44534.609507,4006.9173259
1546853520,4005.54,4005.54,4005.53,4005.53,0.44779481,1793.6594872,4005.5388029
1546853580,4005.53,4009.01,4002.29,4009.01,26.72818427,107041.02851,4004.7998558
1546853640,4006.31,4006.32,4000.4,4000.4,8.32551548,33310.461084,4001.0088461
1546853700,4000.41,4004.5,4000.41,4004.5,8.29726356,33208.239973,4002.3122964
1546853760,4003.38,4003.38,4002.29,4002.29,0.39175972,1568.0435984,4002.5646291
1546853820,4003.2,4003.89,4003.19,4003.84,0.27381144,1096.2762406,4003.7634679
1546853880,4003.83,4006.45,4003.83,4006.45,1.40218926,5617.1698356,4005.9997576
1546853940,4009.01,4010.26,4007.29,4009.93,1.76904022,7092.2748538,4009.1088793
1546854000,4009.92,4009.92,4005.65,4005.65,0.41564045,1665.8226631,4007.845394
1546854060,4004.02,4007.36,4003,4004.19,3.2082784,12852.342825,4005.9936274
1546854120,4006.27,4006.3,4006.26,4006.3,1.48441682,5946.971849,4006.2681646
1546854180,4006.29,4008,4006.29,4007.99,0.37545277,1504.6851335,4007.6549002
1546854240,4005.71,4007.31,4005.69,4006.91,3.19281306,12790.760147,4006.1099433
1546854300,4006.33,4007.28,4006.11,4006.3,5.83286086,23369.331599,4006.4956391
1546854360,4005.72,4005.72,4005.6,4005.6,0.04060021,162.63006831,4005.6459884
1546854420,4004.93,4004.93,3999.99,3999.99,10.34870797,41405.424271,4001.0235472
1546854480,4000,4001.64,3999.99,4001.64,4.68769827,18752.450722,4000.3536153
1546854540,4001.63,4001.64,4001.63,4001.64,0.61880198,2476.2166133,4001.6300744
1546854600,4001.64,4001.64,4001.63,4001.63,1.2800444,5122.2766659,4001.6398384
1546854660,4001.64,4001.64,4001.63,4001.64,0.76703677,3069.4028158,4001.637126
1546854720,4001.64,4001.64,3991,3991.01,49.41127971,197454.37837,3996.1397384
1546854780,3991,3991,3981.3,3981.3,57.37828968,228617.40835,3984.3886882
1546854840,3981.3,3981.31,3968.79,3973.01,72.89918188,289566.25221,3972.1468025
1546854900,3972.98,3997.68,3972.98,3993.15,99.54759605,396941.19304,3987.4513176
1546854960,3993.31,3999.44,3993.31,3999.44,16.82354737,67226.552496,3995.9796241
1546855020,3999.44,3999.44,3995.02,3995.02,25.47230932,101827.36716,3997.571083
1546855080,3995.02,3995.02,3994.22,3995.02,16.18022663,64630.627957,3994.4204389
1546855140,3995.02,3999.47,3995.02,3997.53,0.42405974,1694.9505184,3996.9616506
1546855200,3996.25,3998.85,3995.21,3998.85,0.32365924,1293.414903,3996.2242481
1546855260,3998.85,4041.97,3998.85,4041.72,115.30406394,464493.03455,4028.4185889
1546855320,4041.97,4049.06,4017.65,4027.73,201.77503853,813610.53311,4032.2655321
1546855380,4027.3,4027.3,4018.83,4018.83,17.85400951,71813.732257,4022.2747846
1546855440,4020.43,4020.97,4020.43,4020.45,1.28229472,5155.3776162,4020.4311347
1546855500,4020.44,4020.44,4020.43,4020.44,3.01712393,12130.137305,4020.4305778
1546855560,4020.43,4020.43,4018.56,4018.75,2.3566394,9472.827147,4019.6336983
1546855620,4018.73,4025.97,4018.73,4025.97,32.5142214,130759.20836,4021.6004792
1546855680,4027.04,4027.04,4020.33,4022.58,1.25115781,5033.3234201,4022.9325029
1546855740,4022.58,4025,4022.58,4023.84,2.82344309,11362.014128,4024.1696984
1546855800,4023.79,4023.88,4023.71,4023.88,0.21892093,880.88489585,4023.7582393
1546855860,4023.88,4023.88,4023.88,4023.88,0.03387241,136.29851315,4023.88
1546855920,4023.88,4023.88,4022,4022.01,6.6862945,26898.509255,4022.9321719
1546855980,4022,4022,4017.91,4020,1.09813099,4412.735804,4018.4056767
1546856040,4017.92,4017.93,4015.99,4016,0.11793793,473.7272088,4016.7502415
1546856100,4016,4016,4015.99,4016,0.08588584,344.91695037,4015.9932111
1546856160,4016,4020.01,4016,4020.01,5.70266713,22916.837585,4018.6174403
1546856220,4020,4020.01,4014.49,4014.49,9.53901233,38342.671464,4019.5640951
1546856280,4015.35,4015.4,4015.01,4015.4,0.19305938,775.14915957,4015.0815752
1546856340,4015.41,4015.41,4015.4,4015.41,1.0925857,4387.170011,4015.4012734
1546856400,4015.41,4018.01,4015.41,4016.01,2.53587197,10185.397429,4016.5266818
1546856460,4016.01,4018.01,4016,4017.34,0.64609104,2594.8647309,4016.2524632
1546856520,4017.46,4018.67,4016.01,4018.08,0.42361712,1702.0657734,4017.9343399
1546856580,4018.07,4018.4,4016.01,4018.1,0.57596623,2313.942267,4017.4964199
1546856640,4018.06,4018.06,4016.2,4017.37,0.53455935,2147.2431353,4016.8470261
1546856700,4017.37,4017.37,4016.6,4017.37,0.16874515,677.87305664,4017.1409764
1546856760,4017.37,4017.44,4017.36,4017.44,0.80438794,3231.5198328,4017.3648461
1546856820,4017.44,4017.72,4017.44,4017.72,0.06480391,260.36303426,4017.7056332
1546856880,4017.72,4017.72,4017.71,4017.71,4.44853216,17872.914087,4017.7104367
1546856940,4017.71,4017.71,4011.11,4012.44,11.11688985,44635.51926,4015.1085297
1546857000,4011.13,4012.51,4000.01,4011.3,52.69468853,211052.23771,4005.1899651
1546857060,4012.07,4012.51,4012.07,4012.51,0.83809624,3362.8531049,4012.4903852
1546857120,4012.51,4012.51,4012.51,4012.51,3.31269835,13292.235256,4012.51
1546857180,4012.5,4012.51,4012.5,4012.51,1.37589345,5520.7824681,4012.507268
1546857240,4012.51,4012.51,4012.51,4012.51,0.73937182,2966.7368215,4012.51
1546857300,4012.51,4012.51,4012.5,4012.51,1.39213075,5585.9249431,4012.5002218
1546857360,4012.5,4012.5,4005.04,4005.04,0.33167349,1329.4169218,4008.2097663
1546857420,4005.04,4009.49,4003.79,4009.43,4.71238113,18870.814269,4004.5178326
1546857480,4008,4009.01,4006.68,4009.01,0.91144768,3652.9723154,4007.8793282
1546857540,4009.47,4010,4009.47,4009.99,1.34178577,5380.3866614,4009.8701162
1546857600,4010,4011.85,4010,4011.76,4.93530384,19790.835585,4010.0541379
1546857660,4011.75,4012.26,4011.75,4012.01,11.66287193,46789.098669,4011.799062
1546857720,4012.01,4012.01,4012.01,4012.01,0.27403669,1099.4379406,4012.01
1546857780,4012.01,4012.01,4012,4012.01,0.557588,2237.0449961,4012.0034795
1546857840,4012,4012.01,4012,4012.01,0.37742273,1514.2202412,4012.0006583
1546857900,4012.01,4013,4012,4013,11.30316353,45348.431074,4012.0122967
1546857960,4013,4013,4013,4013,0.08698831,349.08408803,4013
1546858020,4013,4013,4012.99,4013,0.34550215,1386.4981522,4012.9942817
1546858080,4013,4013,4011.99,4012,0.82679987,3317.1411446,4012.0242696
1546858140,4012,4012,4011.99,4012,1.30195789,5223.4546595,4011.9996965
1546858200,4011.99,4013,4011.99,4013,1.22185051,4902.6454255,4012.4756551
1546858260,4012.64,4012.64,4011.99,4012,0.68950376,2766.3314606,4012.061458
1546858320,4011.99,4011.99,4008.49,4009.82,2.12409991,8519.1384172,4010.7051354
1546858380,4008.85,4008.85,4008.01,4008.58,0.13116438,525.7851583,4008.5971382
1546858440,4008.57,4008.99,4008.57,4008.99,1.43387144,5748.0114076,4008.7355444
1546858500,4008.99,4009,4008.99,4008.99,1.11589276,4473.6038331,4008.9908219
1546858560,4009,4009,4009,4009,0.3592638,1440.2885742,4009
1546858620,4008.99,4009,4008.99,4009,0.21744091,871.71958232,4008.9952821
1546858680,4009,4009,4009,4009,0.02290524,91.82710716,4009
1546858740,4009,4009,4008.99,4009,0.77168227,3093.6700474,4008.9945923
1546858800,4008.99,4008.99,4008,4008.01,2.6694011,10700.191213,4008.4613783
1546858860,4008,4008.01,4008,4008,0.82990743,3326.2695325,4008.0006664
1546858920,4008,4008.01,4008,4008.01,0.14337248,574.63803356,4008.0079075
1546858980,4008.01,4008.01,4008,4008.01,2.404045,9635.4159562,4008.0014959
1546859040,4008.01,4008.01,4008,4008.01,3.44896992,13823.482844,4008.0033067
1546859100,4008.01,4008.01,4008,4008,0.48541219,1945.5329317,4008.001801
1546859160,4008.01,4008.01,4008.01,4008.01,0.03999986,160.31983888,4008.01
1546859220,4008,4008.79,4008,4008.79,0.86903313,3483.0956758,4008.0125321
1546859280,4008.99,4009,4008.99,4008.99,0.32613314,1307.4651853,4008.9921107
1546859340,4009,4012.98,4009,4012.98,11.14937847,44724.491232,4011.3887381
1546859400,4012.98,4012.98,4012.87,4012.87,2.17708476,8736.5566424,4012.9611869
1546859460,4012.88,4012.88,4012.88,4012.88,0.18731724,751.68160605,4012.88
1546859520,4012.88,4012.88,4012.87,4012.87,0.83826533,3363.8560051,4012.8774085
1546859580,4012.87,4012.88,4012.87,4012.88,0.34086071,1367.8323112,4012.8776097
1546859640,4012.87,4012.88,4012.87,4012.88,0.69270584,2779.7402405,4012.8725355
1546859700,4012.88,4012.88,4012.87,4012.88,1.14542844,4596.4620492,4012.875784
1546859760,4012.88,4012.88,4012.87,4012.88,1.13434097,4551.967503,4012.8741034
1546859820,4012.87,4012.88,4012.51,4012.51,1.05268212,4224.273108,4012.8667788
1546859880,4012.5,4012.51,4012,4012,0.82970846,3329.2070125,4012.5021897
1546859940,4012.01,4012.01,4012,4012.01,0.51825949,2079.2590769,4012.0038648
1546860000,4012.01,4012.01,4012,4012,0.08625298,346.04779605,4012.0097422
1546860060,4012,4012.01,4011.46,4011.46,6.79627952,27266.401593,4011.9600014
1546860120,4011.01,4012.01,4009.61,4010.88,1.5220364,6103.5792108,4010.1401063
1546860180,4011.05,4011.98,4011.05,4011.46,1.50885229,6052.2151164,4011.1382383
1546860240,4011.46,4011.46,4010.08,4011.4,1.98396909,7957.6520728,4010.9758327
1546860300,4011.69,4013,4011.69,4013,8.18158022,32826.157422,4012.202599
1546860360,4013,4013,4012.99,4013,0.68718934,2757.6876807,4012.9954296
1546860420,4012.99,4014.51,4012.99,4014.51,6.49504776,26073.666457,4014.3917983
1546860480,4014.5,4014.51,4014.5,4014.51,3.72430753,14951.259406,4014.5072031
1546860540,4014.51,4014.51,4014.51,4014.51,0.05725995,229.87064187,4014.51
1546860600,4014.5,4014.51,4014.5,4014.51,1.30775756,5250.0050207,4014.5094024
1546860660,4014.51,4014.51,4014.5,4014.5,1.08221559,4344.5552394,4014.5006961
1546860720,4014.51,4014.51,4012.55,4012.55,0.67773418,2720.5303921,4014.1555087
1546860780,4013.64,4013.64,4011.45,4011.45,0.48144678,1931.636548,4012.1496877
1546860840,4011.46,4011.46,4009.18,4010.64,9.76846476,39173.093524,4010.1586571
1546860900,4010.05,4010.05,4009.16,4010.01,0.78151199,3133.75244,4009.8584284
1546860960,4011.15,4011.15,4009.62,4009.62,0.12179344,488.42048088,4010.2363549
1546861020,4009.62,4011.14,4009.61,4011.14,1.35020564,5413.8318989,4009.6350797
1546861080,4011.13,4012,4011.13,4012,0.64060166,2569.5958609,4011.2226074
1546861140,4012,4012.93,4012,4012.93,1.48626204,5963.5240817,4012.4311334
1546861200,4012.98,4013,4012.98,4013,0.94945641,3810.1507825,4012.9812621
1546861260,4013,4013,4013,4013,0.09186566,368.65689358,4013
1546861320,4013,4015,4013,4014.99,0.43376466,1741.1382975,4014.0160278
1546861380,4015,4015,4015,4015,0.21550529,865.25373935,4015
1546861440,4014.99,4015,4014.99,4014.99,0.62159335,2495.6921161,4014.99166
1546861500,4015,4015,4014.99,4015,0.56139343,2253.9943014,4014.99943
1546861560,4015,4015,4015,4015,0.29647369,1190.3418654,4015
1546861620,4015,4015,4014.99,4015,0.45214278,1815.3499358,4014.9926442
1546861680,4015,4015,4014.99,4015,0.07989721,320.78711792,4014.9977442
1546861740,4014.99,4015,4014.99,4014.99,0.65632352,2635.1350672,4014.9941102
1546861800,4014.99,4017,4014.99,4017,2.11003375,8473.1044898,4015.6251007
1546861860,4017,4017,4015.01,4017,0.31118617,1249.579618,4015.5371237
1546861920,4015.6,4016.27,4015.6,4016.27,0.58682772,2356.6222467,4015.8672918
1546861980,4016.27,4016.27,4016.27,4016.27,0.06876359,276.17314361,4016.27
1546862040,4016.27,4016.27,4016.26,4016.26,1.12593821,4522.0618822,4016.261143
1546862100,4016.27,4016.27,4016.26,4016.26,0.7927783,3184.0113911,4016.2696067
1546862160,4016.27,4017,4016.27,4017,2.67334533,10736.910773,4016.2827648
1546862220,4016.99,4020,4016.99,4018.68,1.45970392,5864.1281868,4017.34085
1546862280,4018.68,4019.46,4018.68,4018.92,0.22615176,908.88683104,4018.9244207
1546862340,4018.92,4018.92,4018.91,4018.92,0.25485313,1024.233172,4018.9154122
1546862400,4018.92,4020,4018.92,4019.51,0.20713274,832.61671404,4019.7252932
1546862460,4019.56,4019.99,4019.5,4019.84,0.3258628,1309.8508801,4019.6391858
1546862520,4019.83,4019.83,4019.5,4019.51,4.21470334,16941.662001,4019.6570516
1546862580,4019.51,4019.51,4019.5,4019.51,0.96190329,3866.3761671,4019.5061263
1546862640,4019.51,4019.51,4019.51,4019.51,0.51897345,2086.018972,4019.51
1546862700,4019.5,4019.51,4019.5,4019.5,1.37219033,5515.5205535,4019.5011093
1546862760,4019.51,4019.51,4019.5,4019.5,1.00541294,4041.2590489,4019.5017272
1546862820,4019.5,4019.51,4019.5,4019.51,0.22908821,920.82163203,4019.5068617
1546862880,4019.5,4019.5,4016,4016.01,9.30415057,37391.426224,4018.7898876
1546862940,4016.01,4016.01,4016.01,4016.01,0.05643266,226.63412689,4016.01
1546863000,4016.01,4016.01,4016,4016.01,0.6632124,2663.463817,4016.00425
1546863060,4015.01,4015.01,4011.49,4012.81,3.58900068,14399.550266,4012.1336132
1546863120,4012.81,4012.81,4011.5,4011.5,1.506706,6044.4789391,4011.717574
1546863180,4011.51,4012.81,4011.51,4012.81,0.46685558,1873.2551475,4012.4938584
1546863240,4012.8,4012.81,4012.8,4012.81,0.71711411,2877.6376838,4012.8030444
1546863300,4012.81,4013,4012.8,4013,2.97933254,11955.693344,4012.8764358
1546863360,4013,4013,4012.99,4012.99,1.82850218,7337.7631762,4012.9912102
1546863420,4013,4014.51,4012.99,4014.51,1.43389821,5754.5087373,4013.1919387
1546863480,4014.5,4016.4,4014.5,4016.4,2.10383142,8446.4870288,4014.8117138
1546863540,4016.4,4020,4016.4,4020,9.47266391,38071.858151,4019.1289919
1546863600,4020.02,4020.02,4020.01,4020.02,0.74996391,3014.8699075,4020.0199867
1546863660,4020.01,4020.02,4020.01,4020.02,1.18491645,4763.3830006,4020.0159265
1546863720,4020.02,4020.45,4020.02,4020.45,0.20474666,823.11370752,4020.1569467
1546863780,4020.57,4022,4020.56,4021.99,3.64787684,14668.376708,4021.072353
1546863840,4021.2,4022.52,4021.12,4021.13,1.85558763,7462.8849769,4021.8445393
1546863900,4021.13,4021.13,4020,4020.01,9.16939404,36869.559373,4020.9373937
1546863960,4020.01,4020.01,4017.25,4018.61,1.7913855,7199.1026502,4018.7344657
1546864020,4017.61,4020.01,4017.01,4020.01,1.40907483,5662.7869454,4018.7978842
1546864080,4019.18,4019.18,4017.01,4018,4.64631305,18668.387349,4017.8927137
1546864140,4018,4018,4017.99,4018,3.84978883,15468.450268,4017.9996751
1546864200,4017.99,4018,4017.99,4018,1.05582848,4242.3111277,4017.9927024
1546864260,4018,4018,4017,4017.01,2.08333342,8369.8557722,4017.5306035
1546864320,4017.01,4017.01,4016.88,4016.88,1.28063608,5144.2464367,4016.9463574
1546864380,4016.89,4018,4016.88,4017.99,0.61247,2460.803648,4017.8354009
1546864440,4017.99,4018,4017.99,4018,2.36919937,9519.43648,4017.997219
1546864500,4017.54,4018,4016.7,4016.71,2.08874166,8390.2516369,4016.8929445
1546864560,4016.71,4016.71,4016.6,4016.6,0.94195522,3783.4644198,4016.6075196
1546864620,4016.61,4016.61,4016.01,4016.01,0.15516791,623.19231595,4016.2448276
1546864680,4016.01,4016.01,4016,4016.01,0.25983864,1043.5140191,4016.0078545
1546864740,4016.01,4016.01,4016,4016.01,1.51144682,6069.9831269,4016.0084011
1546864800,4016.01,4016.02,4016.01,4016.02,0.15435463,619.88988017,4016.0109235
1546864860,4016.01,4017,4016.01,4017,1.2163218,4885.6442942,4016.7366023
1546864920,4016.99,4017,4016.38,4016.38,3.27841126,13169.243892,4016.959084
1546864980,4016.38,4016.99,4016.38,4016.51,0.28383058,1140.1373817,4016.9645627
1546865040,4016.55,4016.56,4016.55,4016.56,0.12401953,498.13105948,4016.5533564
1546865100,4016.56,4016.57,4016.56,4016.57,0.39014145,1567.0279415,4016.563586
1546865160,4016.56,4016.56,4016.01,4016.01,0.1275311,512.17379887,4016.0697969
1546865220,4016.01,4016.01,4016,4016.01,0.36822864,1478.8088285,4016.0070886
1546865280,4016,4016.01,4016,4016,1.34452645,5399.6268851,4016.0064424
1546865340,4016,4017,4016,4017,1.02635251,4122.3453692,4016.5004996
1546865400,4017,4017,4016.99,4017,0.51656071,2075.0228617,4016.9970762
1546865460,4017,4017.55,4017,4017.46,1.20906327,4856.9136629,4017.0880908
1546865520,4017.46,4017.46,4017.22,4017.23,1.06392121,4274.2183734,4017.4200243
1546865580,4017.22,4017.23,4017.22,4017.22,1.39247211,5593.8703589,4017.2225489
1546865640,4016.99,4016.99,4011.66,4011.66,3.91230082,15706.10433,4014.5441397
1546865700,4011.74,4012.99,4011.65,4012.6,1.3712394,5502.1124533,4012.5104728
1546865760,4012.57,4012.57,4010.98,4010.98,6.34970478,25469.383911,4011.1130821
1546865820,4010.99,4010.99,4010.98,4010.99,3.72443803,14938.649362,4010.9807819
1546865880,4010.98,4011.51,4010.98,4011.45,5.40394284,21677.66617,4011.4536388
1546865940,4011.45,4011.45,3998.11,3998.11,24.90075452,99700.719248,4003.9236228
1546866000,3998.71,4007.91,3998.71,4007.91,17.63146487,70530.968356,4000.289759
1546866060,4007.9,4007.9,4001.06,4004.28,8.59440665,34396.556641,4002.2026001
1546866120,4004.28,4006.01,4002.95,4006.01,10.29833134,41233.827512,4003.9328849
1546866180,4006.01,4009.94,4006.01,4009.93,0.73493295,2946.2084062,4008.8125131
1546866240,4009.93,4010.51,4009.57,4010.28,2.91447307,11686.516379,4009.8213634
1546866300,4010.37,4010.5,4010.28,4010.5,2.30229331,9233.1491484,4010.4139244
1546866360,4010.49,4010.5,4010.49,4010.5,0.87585242,3512.6018092,4010.4950663
1546866420,4010.49,4010.5,4010.49,4010.49,2.14803355,8614.6706333,4010.4916579
1546866480,4010.42,4010.42,4010.42,4010.42,0.27166016,1089.4713389,4010.42
1546866540,4010.42,4010.42,4006.29,4006.29,4.87868218,19556.543304,4008.5708768
1546866600,4007.18,4007.18,4001.17,4005.87,15.60439503,62484.903262,4004.3143705
1546866660,4005.87,4007.04,4005,4005.99,3.73237315,14952.709616,4006.2204434
1546866720,4006,4007.04,4003.63,4007.04,8.22271248,32926.193767,4004.2983197
1546866780,4007.04,4008.89,4007.04,4007.26,1.7685815,7087.3224236,4007.3485014
1546866840,4007.26,4007.27,4007.26,4007.26,0.07544238,302.31732725,4007.2612668
1546866900,4007.27,4008,4007.26,4008,0.79469126,3184.9851669,4007.8270987
1546866960,4008,4008,4006.65,4007.77,2.80535485,11242.992472,4007.689962
1546867020,4007.13,4007.99,4004.65,4007.95,1.30198892,5216.4241193,4006.504233
1546867080,4007.95,4007.95,4006.6,4007.06,1.98514205,7954.2297315,4006.8818911
1546867140,4007.06,4008,4007.06,4007.89,3.1440947,12601.142513,4007.8762617
1546867200,4007.9,4007.9,4007.06,4007.06,2.17428651,8714.2991383,4007.8890699
1546867260,4007.05,4007.05,4005.73,4005.73,1.76606832,7074.402784,4005.7356241
1546867320,4005.73,4007,4005.73,4005.98,0.86698969,3472.9645415,4005.7737498
1546867380,4006,4008,4005.99,4007.99,9.77757249,39181.924919,4007.3264564
1546867440,4008,4009,4007.99,4009,2.90349293,11637.258591,4008.0202954
1546867500,4009,4009,4008.99,4008.99,2.09434549,8396.2153646,4008.9925013
1546867560,4009,4010,4008.99,4009.99,6.76747037,27136.010323,4009.7715748
1546867620,4010,4010.5,4010,4010.49,9.26794521,37166.896588,4010.2628733
1546867680,4010.5,4013.98,4010.49,4013.96,1.22792416,4926.2599113,4011.8600739
1546867740,4013.96,4013.96,4013.95,4013.96,0.11192483,449.26139001,4013.9564207
1546867800,4013.95,4013.95,4011.02,4011.02,2.20980919,8865.0924992,4011.7004397
1546867860,4011.03,4012.99,4011.02,4012.91,2.33501942,9365.9312519,4011.0721014
1546867920,4012.91,4015,4012.91,4014.94,4.55045586,18265.927707,4014.0874385
1546867980,4014.95,4015,4013.53,4015,2.60909921,10474.529492,4014.6152555
1546868040,4013.96,4013.96,4013.95,4013.95,0.36432014,1462.3663331,4013.9596267
1546868100,4013.96,4015,4013.48,4013.49,2.38604933,9578.0194437,4014.1749474
1546868160,4014.48,4014.48,4012.21,4014.26,1.75003388,7022.8235173,4012.9643189
1546868220,4014.26,4014.26,4012.22,4014.21,1.65115069,6626.0877005,4013.0121016
1546868280,4012.63,4014.26,4012.63,4014.26,0.56721428,2276.5558342,4013.5728498
1546868340,4014.26,4014.26,4014.25,4014.25,2.59807017,10429.307725,4014.2517494
1546868400,4014.26,4014.26,4014.25,4014.25,1.43741019,5770.1314346,4014.255273
1546868460,4014.25,4014.26,4014.25,4014.25,3.07243634,12333.536618,4014.2529423
1546868520,4014.26,4016,4014.26,4015.98,0.99764686,4005.8942899,4015.3429541
1546868580,4015.98,4015.98,4015.97,4015.98,0.67156551,2696.9882701,4015.9719789
1546868640,4015.97,4015.98,4015,4015.01,9.5684427,38420.533483,4015.3381995
1546868700,4015.01,4015.01,4014.26,4014.26,1.4079149,5651.7498256,4014.2694886
1546868760,4014.26,4015.07,4014.26,4015.07,0.45187911,1814.2991142,4015.0099309
1546868820,4015.06,4015.07,4015.06,4015.07,0.90072325,3616.4621098,4015.0646826
1546868880,4015.07,4015.61,4014.75,4014.9,1.00407672,4031.463143,4015.094726
1546868940,4014.9,4016,4014.89,4016,2.71483451,10900.069537,4015.0033074
1546869000,4015.99,4017.51,4015.99,4017.46,2.1819182,8763.9422184,4016.6227214
1546869060,4017.47,4018,4017.47,4018,1.21106412,4865.8844797,4017.8586743
1546869120,4018,4020,4018,4018.04,1.49026629,5988.860094,4018.6509848
1546869180,4018.55,4023.58,4018.55,4021.91,19.95190945,80253.729158,4022.3583291
1546869240,4021.91,4021.91,4021.9,4021.9,0.47271571,1901.2192809,4021.9083917
1546869300,4021.91,4021.91,4021.91,4021.91,1.23268266,4957.7387171,4021.91
1546869360,4021.91,4021.97,4021.9,4021.97,4.14635096,16676.309419,4021.9242365
1546869420,4021.96,4021.97,4021.96,4021.97,0.96917715,3897.9963632,4021.9647804
1546869480,4021.97,4021.97,4021.96,4021.97,0.43799282,1761.5922119,4021.965958
1546869540,4021.97,4022.09,4021.37,4021.38,11.10591267,44666.396337,4021.8573353
1546869600,4021.38,4021.4,4021.02,4021.4,0.50261019,2021.1882038,4021.3832589
1546869660,4021.26,4021.26,4020.16,4020.16,8.56102628,34422.649424,4020.855479
1546869720,4020.15,4020.16,4019,4019.01,0.32212222,1294.8042487,4019.6055047
1546869780,4019.01,4019.01,4019,4019.01,1.34407968,5401.8599685,4019.0027785
1546869840,4019.01,4019.01,4018.47,4018.47,1.85919357,7471.9393478,4018.9141509
1546869900,4018.48,4018.49,4017.99,4018.3,3.41853209,13736.618659,4018.2798631
1546869960,4018.16,4018.52,4018.16,4018.52,8.27922574,33269.112493,4018.3845129
1546870020,4018.51,4024,4018.51,4024,18.13525311,72923.296557,4021.079613
1546870080,4024,4024,4023.99,4023.99,8.37648579,33706.900239,4023.9906189
1546870140,4022.1,4024,4022.09,4023.99,0.93981414,3781.176408,4023.3235989
1546870200,4024,4024,4023.99,4024,1.03534365,4166.2203858,4023.9976222
1546870260,4024,4024,4023.99,4024,0.64907277,2611.8685693,4023.9996037
1546870320,4024,4024,4023.99,4024,1.37263638,5523.4797497,4023.9934116
1546870380,4023.99,4024.95,4023.91,4023.92,13.1545276,52935.250725,4024.1088342
1546870440,4023.92,4023.92,4023.18,4023.18,3.95543118,15916.080965,4023.8548571
1546870500,4023.18,4023.18,4020.83,4020.93,1.93497308,7783.8959088,4022.7411891
1546870560,4020.9,4020.96,4020.75,4020.96,1.16957226,4702.7081587,4020.8786747
1546870620,4020.97,4021,4020.97,4021,2.01353006,8096.3953464,4020.9955179
1546870680,4021,4021,4021,4021,0.28955446,1164.2984837,4021
1546870740,4021,4021,4020.99,4020.99,11.34395282,45613.946684,4020.9922774
1546870800,4021,4021,4020.02,4020.03,4.8029149,19311.457686,4020.7786497
1546870860,4020.02,4020.3,4020.02,4020.3,2.62058921,10534.911351,4020.0544635
1546870920,4020.3,4020.3,4020.29,4020.3,1.24479479,5004.4447444,4020.2969876
1546870980,4020.3,4021,4020.29,4021,3.44902957,13866.708655,4020.4667353
1546871040,4021,4021,4020.99,4021,2.7387673,11012.563264,4020.9926795
1546871100,4021,4021,4020.99,4021,10.96465317,44088.768696,4020.9907247
1546871160,4021,4021,4020.99,4021,4.19187687,16855.504135,4020.992185
1546871220,4021,4021,4020.99,4020.99,2.01537719,8103.8228055,4020.9955961
1546871280,4021,4021,4020.99,4021,2.26058803,9089.8097209,4020.9934761
1546871340,4021,4021.5,4021,4021.5,0.66569629,2676.9223657,4021.23672
1546871400,4021.5,4021.5,4021.49,4021.5,0.9426982,3791.0575905,4021.4965834
1546871460,4021.5,4022,4021.49,4022,1.09501662,4403.9170817,4021.7810408
1546871520,4022,4022.98,4021.99,4022.94,1.90784092,7673.7372484,4022.210221
1546871580,4022.26,4022.94,4022.06,4022.93,5.43667069,21868.244743,4022.3596369
1546871640,4022.94,4025,4022.93,4023.98,1.51723995,6103.9285727,4023.0476219
1546871700,4023.99,4025.4,4023.99,4025.4,3.57386605,14384.712039,4024.9723514
1546871760,4025.4,4026.52,4025.4,4026.48,10.40557829,41897.762259,4026.4712918
1546871820,4026.65,4032.52,4026.65,4029.88,16.96461446,68387.658676,4031.1943921
1546871880,4029.87,4034.5,4029.86,4034.5,23.78312885,95899.021342,4032.2289782
1546871940,4034.5,4034.5,4032.56,4032.56,26.61177195,107359.54975,4034.2879065
1546872000,4032.56,4032.56,4032.55,4032.56,6.70196115,27026.057649,4032.5595813
1546872060,4032.55,4035.61,4032.55,4035.61,3.65497751,14740.821091,4033.0812024
1546872120,4035.61,4036,4035.04,4035.04,3.51161091,14172.587468,4035.9219262
1546872180,4035.04,4035.04,4032.57,4032.6,84.37688728,340337.38903,4033.5380932
1546872240,4032.6,4035.04,4030.28,4035.01,282.10899029,1138101.2178,4034.2607183
1546872300,4035.01,4035.01,4035,4035.01,0.9698089,3913.1846976,4035.0059662
1546872360,4035.01,4035.01,4035,4035.01,2.34939056,9479.8103281,4035.0082653
1546872420,4035,4035.01,4035,4035.01,6.19496845,24996.753579,4035.0090207
1546872480,4035.01,4035.01,4035,4035.01,0.21244367,857.21170357,4035.0070377
1546872540,4035.01,4035.01,4035,4035.01,2.9478031,11894.390583,4035.0017216
1546872600,4035.01,4035.01,4035,4035.01,10.13488245,40894.288674,4035.0037482
1546872660,4035.01,4035.01,4035,4035.01,1.55419394,6271.182839,4035.0066215
1546872720,4035.01,4035.01,4035,4035.01,3.91040717,15778.51825,4035.0064747
1546872780,4035.01,4035.01,4035,4035.01,1.9144959,7725.0000393,4035.0047442
1546872840,4035.01,4035.01,4029.88,4029.88,46.36905547,187074.88778,4034.4769995
1546872900,4029.88,4029.88,4027,4027.01,2.54378803,10244.23436,4027.1572315
1546872960,4027.01,4027.01,4027,4027.01,3.16532279,12746.759604,4027.0014938
1546873020,4027,4027.01,4027,4027.01,1.58693088,6390.5743115,4027.0023049
1546873080,4027.01,4027.01,4027,4027,3.34937644,13487.94985,4027.0032622
1546873140,4027.01,4027.01,4027,4027,6.26753879,25239.435737,4027.0090992
1546873200,4027.01,4028,4027,4028,5.02941869,20254.350762,4027.1753079
1546873260,4027.99,4028,4027.99,4028,1.24326862,5007.881907,4027.9967068
1546873320,4027.99,4031.53,4027.99,4031.53,4.60679637,18559.186602,4028.6535613
1546873380,4031.33,4031.85,4028.58,4028.71,11.27419905,45440.436682,4030.4802568
1546873440,4028.71,4028.71,4028.7,4028.71,0.5731647,2309.1131454,4028.7078835
1546873500,4028.71,4028.71,4027,4027.43,3.36031697,13536.285793,4028.2764731
1546873560,4028.7,4031.65,4026.09,4029.86,4.29143173,17293.945184,4029.8777359
1546873620,4029.87,4030,4028.88,4028.89,5.43041945,21884.032132,4029.8971991
1546873680,4028.89,4031.65,4028.07,4031.41,3.19936407,12896.178391,4030.8567919
1546873740,4031.4,4033,4031.4,4033,0.56972568,2296.8789127,4031.5523652
1546873800,4032.97,4033,4032.74,4032.75,3.89984001,15727.271747,4032.7992191
1546873860,4032.75,4033,4032.75,4033,2.75999811,11130.936199,4032.9506597
1546873920,4033,4034.84,4032.01,4033.58,11.39623046,45965.488278,4033.394063
1546873980,4033.54,4033.54,4030.6,4031.93,2.24277484,9042.5130834,4031.841682
1546874040,4031.91,4031.93,4031.01,4031.75,5.00935806,20194.419993,4031.3388963
1546874100,4031.74,4033.58,4031.74,4033.58,3.97551415,16030.946406,4032.420915
1546874160,4032.64,4032.64,4031,4031,6.62903515,26725.115987,4031.5242538
1546874220,4032.14,4032.16,4030.5,4030.51,6.03207725,24316.942682,4031.2717616
1546874280,4030.51,4030.8,4030.5,4030.8,1.7028773,6863.4880618,4030.5241381
1546874340,4030.8,4031,4030.8,4031,3.6377062,14663.540477,4030.9853711
1546874400,4031,4033.47,4030.99,4032.31,7.85802108,31682.494716,4031.8668521
1546874460,4032.29,4032.31,4030.72,4031.61,4.71278745,19000.645326,4031.7212536
1546874520,4030.76,4031.58,4030.72,4030.72,4.72405804,19041.616957,4030.7754044
1546874580,4030.73,4030.73,4030.72,4030.73,0.61481139,2478.13845,4030.7295706
1546874640,4030.73,4030.73,4024.68,4027.48,8.36456419,33710.216834,4030.1223194
1546874700,4027.48,4028.5,4025.59,4025.59,4.86174309,19583.356354,4028.0524888
1546874760,4026.27,4030.69,4026.27,4028.05,4.56827857,18404.657483,4028.7949171
1546874820,4027.83,4029.21,4024.39,4025.58,1.04060362,4190.244419,4026.7440344
1546874880,4027.23,4027.24,4025.71,4027.24,1.24401851,5009.8575136,4027.1567291
1546874940,4027.21,4027.21,4023.16,4026.24,1.5310309,6164.6948698,4026.4993148
1546875000,4026.23,4026.23,4021.65,4025.02,1.1149896,4486.8249088,4024.0957484
1546875060,4025.02,4025.02,4023.52,4023.55,4.24674607,17091.697792,4024.6573519
1546875120,4023.08,4023.08,4019,4019,10.12074809,40694.456012,4020.8940733
1546875180,4019.79,4020,4017.22,4018.75,4.68541701,18828.827818,4018.6023523
1546875240,4018.75,4018.8,4017.22,4017.55,0.71214018,2861.9048257,4018.7380323
1546875300,4017.55,4019.86,4015.86,4018.13,8.21123654,32993.577563,4018.100977
1546875360,4018.14,4018.14,4015,4015,1.91430603,7691.3530416,4017.8283519
1546875420,4017.96,4017.96,4012.25,4013.12,2.9800023,11969.593402,4016.6389811
1546875480,4013.23,4015,4012.19,4015,8.97432178,36016.492415,4013.2829308
1546875540,4014.99,4018.01,4014.99,4018.01,3.45907438,13894.730693,4016.8927194
1546875600,4018.01,4018.5,4018.01,4018.5,2.14807258,8631.9421344,4018.4592526
1546875660,4018.5,4018.99,4018.5,4018.99,1.18344877,4756.2132712,4018.9431024
1546875720,4018.99,4019,4015.29,4018.98,7.43426797,29871.570606,4018.0917243
1546875780,4019,4019,4016.41,4017.58,2.34518011,9423.5244304,4018.251899
1546875840,4017.57,4018,4017.57,4017.95,3.58374089,14398.126427,4017.6248421
1546875900,4017.95,4017.95,4017.94,4017.94,1.05277545,4229.9950476,4017.9461323
1546875960,4017.95,4017.95,4017,4017.01,8.89596984,35743.236943,4017.9134581
1546876020,4017.01,4017.01,4006,4006.36,15.63855825,62728.549206,4011.146565
1546876080,4006.36,4012.24,4004,4012.1,11.0371798,44212.113227,4005.7436798
1546876140,4012.09,4012.1,4006.91,4008.93,5.26035,21100.913902,4011.3136772
1546876200,4008.91,4008.91,4004,4007.99,18.96351624,75994.21259,4007.3903821
1546876260,4007.98,4008,4007.98,4008,6.35482313,25470.082329,4007.9923245
1546876320,4007.99,4010,4007.99,4009.93,2.64422697,10600.432149,4008.8964634
1546876380,4009.47,4009.51,4008.1,4009,2.31424488,9277.7472635,4008.9738746
1546876440,4008.99,4009,4008.39,4009,5.1339774,20582.059232,4008.9890603
1546876500,4008.99,4009.2,4008.99,4009.2,4.93010596,19764.978744,4009.0373117
1546876560,4009.2,4015.51,4009.2,4015.41,13.84119731,55550.947851,4013.4496032
1546876620,4015.41,4015.41,4013.8,4015.39,10.28005096,41274.181575,4014.9783047
1546876680,4015.37,4015.51,4010.19,4011.4,56.48633375,226633.88271,4012.1896336
1546876740,4011.41,4012,4008.75,4010.54,33.18853609,133082.17199,4009.8837631
1546876800,4010.71,4010.94,4009.2,4009.21,2.17684816,8729.4314857,4010.1241998
1546876860,4009.21,4010.36,4009.2,4009.2,1.69277096,6786.6778193,4009.2121023
1546876920,4009.2,4009.21,4009.2,4009.2,2.190262,8781.2033327,4009.2022474
1546876980,4009.21,4009.21,4008.7,4008.71,1.87565216,7519.6870237,4009.1053043
1546877040,4008.71,4009.51,4008.01,4009.51,1.93981231,7776.1024941,4008.6880849
1546877100,4009.51,4010.08,4008.39,4010.08,9.86962464,39570.120269,4009.283201
1546877160,4010.08,4011,4010.07,4010.99,15.93003472,63891.099496,4010.7319675
1546877220,4011,4011,4010.99,4011,0.82606626,3313.3494781,4010.997227
1546877280,4010.99,4012,4010.99,4011.99,3.81100199,15288.114963,4011.5735976
1546877340,4011.96,4011.99,4011.95,4011.99,3.78004034,15165.396641,4011.9668778
1546877400,4011.99,4011.99,4011.98,4011.98,1.39436609,5594.1773216,4011.9860643
1546877460,4011.99,4012.99,4011.98,4012.99,1.26754063,5085.8782305,4012.3985852
1546877520,4012.99,4016.01,4012.99,4016.01,5.21070672,20921.677785,4015.1324781
1546877580,4016,4016.01,4016,4016.01,0.95917685,3852.0582856,4016.0042286
1546877640,4016.01,4016.01,4016,4016.01,1.71280692,6878.6356683,4016.0017968
1546877700,4016.01,4016.01,4016,4016.01,2.24932567,9033.3036735,4016.0052384
1546877760,4016.01,4016.4,4016,4016.39,4.23680638,17015.069135,4016.0129138
1546877820,4016.4,4017,4016.39,4016.99,5.70143345,22899.606814,4016.4648091
1546877880,4016.99,4017,4016.99,4017,1.32362116,5316.9854219,4016.9994123
1546877940,4017,4019,4016.99,4019,5.01059282,20129.045118,4017.2981204
1546878000,4019,4019,4018.99,4019,1.16415147,4678.7201934,4018.9960791
1546878060,4019,4019.39,4018.99,4019.39,1.82977343,7353.9036344,4019.0241665
1546878120,4019.38,4019.39,4017.15,4017.16,19.55543561,78595.566368,4019.1161136
1546878180,4017.16,4017.16,4016.01,4016.01,7.44442074,29902.518895,4016.7690595
1546878240,4016.02,4016.02,4016.01,4016.02,0.7685603,3086.5517317,4016.0176524
1546878300,4016.02,4016.02,4016.01,4016.02,1.90003794,7630.5796679,4016.0143686
1546878360,4016.02,4016.02,4016.01,4016.02,1.14017827,4578.9744235,4016.0162178
1546878420,4016.02,4016.02,4012.99,4012.99,4.17198168,16749.101078,4014.6631417
1546878480,4012.99,4012.99,4011.02,4011.92,3.97591068,15948.058059,4011.1711108
1546878540,4011.93,4011.93,4011.92,4011.92,2.06006981,8264.8485021,4011.9264221
1546878600,4011.93,4011.93,4011.92,4011.92,2.51708318,10098.342204,4011.9223251
1546878660,4011.93,4011.93,4011.92,4011.93,1.00271395,4022.8164639,4011.9282912
1546878720,4011.92,4013,4011.92,4013,4.86490002,19522.347297,4012.8979458
1546878780,4013,4013.23,4012.99,4013.23,1.6890367,6778.1069432,4013.0015785
1546878840,4013.22,4013.23,4012.99,4012.99,1.85752081,7454.6488745,4013.2249579
1546878900,4013,4013.23,4012.99,4013.23,4.74893857,19058.259421,4013.1619181
1546878960,4013.23,4013.23,4013,4013.23,3.54205043,14214.938785,4013.1949181
1546879020,4013.22,4013.23,4013,4013.23,5.92744504,23787.928721,4013.1841899
1546879080,4013.23,4013.23,4012.99,4013.23,1.05541092,4235.5051441,4013.1337129
1546879140,4013.13,4013.23,4012.99,4013.22,2.98203797,11967.500655,4013.1952629
1546879200,4013.23,4013.23,4013.22,4013.23,2.62428219,10531.835972,4013.2254116
1546879260,4013.23,4018.89,4013.23,4018.42,10.29648435,41356.465246,4016.5617545
1546879320,4018.42,4018.52,4018.42,4018.51,3.01788606,12127.255382,4018.4603199
1546879380,4018.52,4022.86,4018.52,4022.47,56.70512898,228069.97172,4022.0342642
1546879440,4022.47,4022.47,4022.46,4022.47,2.44267577,9825.5801429,4022.4659628
1546879500,4022.47,4022.47,4022.46,4022.47,2.52444562,10154.500913,4022.4676787
1546879560,4022.47,4024,4019,4023.67,76.0473928,305796.14603,4021.1259685
1546879620,4023.67,4023.67,4020.1,4023.01,5.29252409,21293.230404,4023.2656558
1546879680,4023.01,4023.01,4023,4023.01,1.49047394,5996.1877768,4023.0074581
1546879740,4023,4023.8,4023,4023.8,2.81832628,11338.732584,4023.215007
1546879800,4023.79,4024,4021.38,4022.98,4.74775448,19103.272335,4023.6436859
1546879860,4022.98,4022.98,4019.08,4019.1,11.0046777,44268.396417,4022.689044
1546879920,4019.1,4019.1,4019.09,4019.1,1.63637457,6576.7418844,4019.0931862
1546879980,4019.1,4022.15,4019.1,4021.68,2.3831718,9580.8466041,4020.2081126
1546880040,4021.68,4024.44,4021.68,4024.43,1.93865342,7799.983973,4023.4029933
1546880100,4024.44,4024.51,4024.04,4024.51,3.21827476,12951.075496,4024.2292724
1546880160,4024.5,4025,4023,4023,3.82461811,15389.568102,4023.8182373
1546880220,4023,4023.39,4020.01,4020.01,30.77910903,123754.48906,4020.7300654
1546880280,4020.29,4022.65,4020.1,4020.48,3.8244559,15381.723988,4021.9378626
1546880340,4020.36,4021.63,4019.09,4020.01,1.92308035,7730.020869,4019.6036889
1546880400,4020.01,4020.5,4020,4020.01,3.59626077,14457.105088,4020.0380374
1546880460,4020,4021.86,4020,4020.04,14.95786351,60134.374021,4020.251554
1546880520,4020.04,4023.6,4020.03,4023.19,35.47542306,142628.2337,4020.4801352
1546880580,4023.2,4026,4023.2,4025.99,1.24372222,5004.245525,4023.6038599
1546880640,4025.99,4026,4020.08,4020.08,18.75476371,75469.647392,4024.0254987
1546880700,4020.08,4020.08,4020,4020.01,3.68612097,14818.390058,4020.0498514
1546880760,4020.01,4020.08,4020.01,4020.07,1.68260489,6764.1843822,4020.066994
1546880820,4020.07,4020.08,4020.07,4020.08,4.70498889,18914.413644,4020.0761545
1546880880,4020.08,4023.52,4020.07,4020.87,7.77273091,31260.161872,4021.7733296
1546880940,4021.14,4022.39,4021.12,4021.78,1.69846999,6830.6174368,4021.6297474
1546881000,4021.97,4022,4020.59,4021.49,5.23963456,21071.822857,4021.6207096
1546881060,4021.55,4021.56,4020.43,4020.43,7.02909742,28267.425827,4021.4872747
1546881120,4021,4021.56,4020.43,4021.56,2.3746652,9548.1406722,4020.8365677
1546881180,4021.56,4021.99,4021.06,4021.99,6.25071733,25138.207567,4021.6516344
1546881240,4021.98,4021.99,4020.63,4021.26,3.55639794,14302.568396,4021.6445509
1546881300,4021.25,4021.99,4020,4020.01,6.87694156,27650.316321,4020.7287033
1546881360,4020.01,4020.01,4017.47,4017.47,4.08410319,16414.288049,4019.0679044
1546881420,4017.47,4017.47,4012.63,4014.37,2.7095816,10876.377598,4014.0432008
1546881480,4014.31,4015,4013.72,4013.82,2.04699535,8216.7609937,4014.0594329
1546881540,4013.83,4014.44,4013.83,4014.43,1.7393276,6982.3984517,4014.4239945
1546881600,4014.44,4014.58,4011.51,4011.51,2.59514481,10415.577433,4013.486027
1546881660,4011.5,4011.51,3976.05,3976.84,136.59017849,545640.85452,3994.7297862
1546881720,3976.12,3997,3976.12,3997,84.82745847,337998.40316,3984.5400211
1546881780,3997,3998,3996.99,3998,10.81914843,43249.889822,3997.531793
1546881840,3998,4004.51,3997.99,4004.51,7.63561529,30535.651088,3999.1081174
1546881900,4004.6,4017.8,4004.6,4016.79,11.98691046,48138.280086,4015.9038683
1546881960,4016.81,4016.81,4009.65,4012.08,25.66701089,102997.26354,4012.8265803
1546882020,4012.08,4012.08,4012.07,4012.08,3.67622864,14749.306388,4012.0753718
1546882080,4012.08,4012.08,4012.07,4012.08,2.1851328,8766.9216873,4012.0772922
1546882140,4012.08,4012.08,4012.07,4012.08,5.36481541,21524.025721,4012.0720055
1546882200,4012.08,4012.08,4010.26,4010.27,8.24508328,33073.78596,4011.3343719
1546882260,4010.27,4010.27,4001.17,4001.17,9.46914824,37933.707665,4006.0316624
1546882320,4001.17,4003,4000.06,4003,14.98784104,59957.240571,4000.3920785
1546882380,4003,4008.5,4003,4008.5,1.00967845,4044.0224377,4005.2577508
1546882440,4008.49,4008.5,4007.89,4008,8.86760964,35542.172827,4008.0894705
1546882500,4008.38,4008.5,4007.19,4007.27,9.66094492,38724.68082,4008.3740401
1546882560,4007.27,4008.3,4007.21,4007.22,6.7719065,27137.51963,4007.3677376
1546882620,4007.21,4007.22,4007.21,4007.22,0.53870374,2158.7018916,4007.2153418
1546882680,4007.22,4011,4007.21,4010.36,10.75213593,43118.716837,4010.2466261
1546882740,4010.36,4010.36,4010.35,4010.36,7.58711456,30427.002698,4010.352349
1546882800,4010.36,4010.36,4007.21,4007.21,10.60800672,42533.757107,4009.5899474
1546882860,4007.21,4008.5,4007.2,4008.06,7.50554008,30081.012605,4007.8411792
1546882920,4008.5,4008.7,4008.49,4008.49,4.15382167,16650.838921,4008.5589234
1546882980,4008.5,4008.5,4008.48,4008.48,11.35462544,45514.803313,4008.481262
1546883040,4008.49,4009.4,4008.48,4009.08,2.46819316,9894.4632912,4008.7880688
1546883100,4009.08,4010,4009.07,4010,16.63934672,66709.07973,4009.1165148
1546883160,4009.99,4010.36,4009.99,4010.36,4.86451302,19507.242018,4010.1119964
1546883220,4010.36,4010.36,4010,4010,1.60255406,6426.5762278,4010.2086964
1546883280,4009.99,4009.99,4007.2,4007.21,13.42051055,53802.775436,4008.9961731
1546883340,4007.21,4007.21,4007.2,4007.21,1.95319581,7826.8539054,4007.2039195
1546883400,4007.2,4007.21,3990.01,3995.19,46.62646141,186372.09162,3997.131371
1546883460,3995.18,4003,3995.18,4002.06,19.5748365,78317.415485,4000.9230976
1546883520,4002.06,4010.99,4002.06,4010.99,15.5448411,62307.050345,4008.2140399
1546883580,4010.99,4019.01,4010.98,4015.93,35.87590858,144071.31262,4015.8233847
1546883640,4015.9,4016.51,4015.9,4015.91,3.65400741,14675.185969,4016.1894388
1546883700,4015.91,4021.5,4015.9,4021.5,2.08298943,8367.7375284,4017.1771435
1546883760,4021.5,4022,4016.45,4018.69,19.54730436,78577.570688,4019.8673557
1546883820,4018.69,4018.69,4013.74,4014.98,4.89558932,19654.39208,4014.7142245
1546883880,4014.9,4015.52,4012.11,4012.9,2.61284701,10485.488734,4013.0511637
1546883940,4014.08,4017.89,4013,4015.13,6.00598436,24115.650107,4015.2702141
1546884000,4016,4016,4014.18,4014.18,0.83728698,3361.638067,4014.9174026
1546884060,4014.19,4015.65,4013.14,4015.29,4.59808181,18458.185415,4014.3229673
1546884120,4014.3,4017,4014.29,4016.99,3.44184423,13821.034215,4015.589693
1546884180,4017,4018,4016.99,4018,2.84981112,11448.504346,4017.285309
1546884240,4018,4018,4017.99,4018,2.04138506,8202.2796474,4017.9972942
1546884300,4017.99,4020.01,4017.98,4020.01,19.89159439,79929.06347,4018.2331242
1546884360,4020.01,4020.94,4020,4020.93,5.61056712,22558.627081,4020.739187
1546884420,4020.94,4020.94,4020.93,4020.94,2.11141082,8489.8419515,4020.933241
1546884480,4020.93,4020.94,4020,4020.01,10.85257888,43634.126143,4020.6228054
1546884540,4020,4020.01,4014.4,4015.75,13.422292,53918.723714,4017.1025719
1546884600,4015.75,4015.76,4015,4015.01,3.01218164,12095.709702,4015.5977119
1546884660,4015,4016,4014.39,4014.99,3.51978414,14131.96717,4015.0096166
1546884720,4015.14,4019.43,4015.14,4017.53,15.05253541,60474.033439,4017.5313853
1546884780,4017.54,4017.66,4016.35,4016.49,3.75015988,15064.376049,4016.9956831
1546884840,4017.51,4017.65,4016.45,4017.21,11.81291667,47457.517408,4017.425902
1546884900,4017.22,4018.95,4016.96,4018.95,8.27702509,33254.477074,4017.684701
1546884960,4018.95,4020,4018.94,4019.99,2.77895089,11170.180518,4019.5674411
1546885020,4020,4020.02,4019.99,4020.01,2.84893751,11452.755725,4020.0094542
1546885080,4020.02,4022.63,4020.02,4021.32,14.81937462,59583.150709,4020.6251773
1546885140,4021.33,4021.33,4021.32,4021.33,1.8567079,7466.4329415,4021.3287946
1546885200,4021.32,4021.33,4019.02,4021.01,22.80457692,91702.192314,4021.2187508
1546885260,4021.01,4021.02,4020,4020.01,4.17091733,16770.742678,4020.8763087
1546885320,4020.01,4020.01,4019.87,4020.01,10.5239852,42306.096962,4019.9692567
1546885380,4020,4020.8,4020,4020.14,2.54657213,10237.858107,4020.2505895
1546885440,4020.14,4020.14,4019.99,4020,3.49079876,14033.240815,4020.0658302
1546885500,4019.99,4019.99,4019.01,4019.01,2.27764811,9154.6068282,4019.3244901
1546885560,4019.02,4029.52,4019.01,4029.52,18.62953006,74947.952546,4023.0726328
1546885620,4029.52,4029.52,4022.71,4022.71,19.12420302,77016.201957,4027.1587724
1546885680,4022.72,4022.72,4022.71,4022.71,5.1865708,20864.108081,4022.7172992
1546885740,4022.72,4022.72,4022.7,4022.71,13.52818477,54419.923149,4022.7069688
1546885800,4022.71,4022.72,4022.7,4022.72,1.0962566,4409.914577,4022.7028754
1546885860,4022.72,4025,4022.71,4023.59,14.24756634,57322.224708,4023.299372
1546885920,4023.55,4024.42,4022.96,4023.68,10.11502826,40700.223555,4023.7379975
1546885980,4023.68,4023.68,4023,4023.01,5.93283118,23870.467283,4023.4529786
1546886040,4023.01,4023.01,4023,4023.01,2.32470571,9352.3046267,4023.005831
1546886100,4023.01,4023.01,4023,4023.01,2.05171496,8254.0571718,4023.0038444
1546886160,4023.01,4023.01,4023,4023.01,0.97957696,3940.8465028,4023.0085677
1546886220,4023.01,4023.01,4023,4023.01,10.68963952,43004.509344,4023.0083778
1546886280,4023.01,4025.99,4023.01,4025.99,24.57175673,98875.447245,4023.947019
1546886340,4025.98,4025.99,4025.76,4025.76,7.82526432,31504.114018,4025.9488664
1546886400,4025.76,4025.76,4025.01,4025.01,6.26383775,25214.444775,4025.39877
1546886460,4025.01,4025.01,4023,4023.01,12.08939734,48658.38578,4024.8810104
1546886520,4023.01,4023.01,4023,4023.01,5.60222836,22537.789204,4023.0043754
1546886580,4023,4023,4020.98,4020.99,10.96379021,44103.51643,4022.6523479
1546886640,4021.56,4022.12,4020.97,4021.05,2.10957931,8483.579135,4021.4554128
1546886700,4021.04,4021.14,4020.97,4020.98,6.26146362,25177.596091,4021.0400665
1546886760,4020.97,4020.98,4020.02,4020.03,1.58068274,6354.990812,4020.4088089
1546886820,4020.02,4020.03,4020.02,4020.02,7.63648877,30698.883138,4020.0259651
1546886880,4020.03,4020.03,4020.02,4020.02,6.32599728,25430.688439,4020.028355
1546886940,4020.03,4020.03,4020.02,4020.03,1.26673412,5092.3011954,4020.023709
1546887000,4020.02,4020.03,4016,4016.33,23.46700322,94305.179007,4018.6289712
1546887060,4016,4016.37,4011.77,4013.38,17.99804229,72238.703241,4013.6978276
1546887120,4013.39,4013.39,4013.38,4013.39,4.91283237,19717.088037,4013.3850602
1546887180,4013.39,4019.07,4013.38,4018.68,26.73363157,107355.71278,4015.7549301
1546887240,4018.68,4018.68,4016.3,4016.92,11.85684526,47639.033457,4017.8506519
1546887300,4016.9,4017.41,4016.15,4016.33,3.914773,15724.181016,4016.626511
1546887360,4016.15,4016.85,4015,4016.85,0.88261635,3544.5454659,4015.9526457
1546887420,4016.85,4016.85,4015.79,4015.96,4.52008478,18152.19866,4015.8978301
1546887480,4015.95,4015.96,4015,4015.52,6.01372711,24148.938979,4015.6359837
1546887540,4015.52,4015.56,4015.51,4015.56,2.89087028,11608.341116,4015.517817
1546887600,4015.55,4015.56,4015.55,4015.56,2.79589638,11227.067232,4015.5519756
1546887660,4015.56,4015.56,4015,4015.02,2.47053551,9919.9308609,4015.2958016
1546887720,4015.01,4015.01,4015,4015,7.16426731,28764.55599,4015.0031742
1546887780,4015.01,4015.96,4015,4015.95,15.4058422,61857.569454,4015.2020675
1546887840,4015.96,4017,4015.96,4017,10.50681766,42201.205922,4016.5545161
1546887900,4017,4017.53,4016.99,4017.53,2.29357878,9213.8026985,4017.2165783
1546887960,4017.52,4019.01,4017.52,4019.01,3.62467214,14562.853128,4017.7021715
1546888020,4019.01,4020,4019.01,4020,4.63703547,18640.656264,4019.9511917
1546888080,4019.99,4020,4019.99,4020,2.78954998,11213.979127,4019.9957724
1546888140,4020,4020,4017.25,4019.2,17.1945806,69094.447567,4018.385163
1546888200,4019.19,4019.19,4018.84,4018.85,6.01693123,24181.717598,4018.9453185
1546888260,4018.85,4018.85,4018.2,4018.46,3.13202466,12586.18487,4018.5459043
1546888320,4018.45,4018.45,4018.22,4018.23,13.74530745,55231.848588,4018.2330435
1546888380,4018.23,4018.85,4018.22,4018.85,3.07853931,12370.53336,4018.3126199
1546888440,4018.85,4018.85,4018.84,4018.85,2.09212898,8407.9469649,4018.8473298
1546888500,4018.85,4020,4018.84,4020,2.11149682,8486.9036135,4019.3778807
1546888560,4020,4020,4019.99,4019.99,4.83406699,19432.913343,4019.9925618
1546888620,4020,4020,4019.99,4020,5.67244529,22803.198833,4019.9944939
1546888680,4019.99,4020,4019.99,4020,1.31652867,5292.4369144,4019.9936659
1546888740,4019.99,4020.97,4019.99,4020.97,3.09845536,12456.243997,4020.146347
1546888800,4020.97,4024,4020.96,4023.85,19.91651451,80135.073093,4023.5490529
1546888860,4023.85,4023.85,4022.49,4022.5,5.98224611,24066.513156,4022.9894781
1546888920,4022.5,4022.5,4022.49,4022.5,4.40340198,17712.651214,4022.492449
1546888980,4022.5,4023.79,4022.5,4023.79,5.20676295,20947.18326,4023.072197
1546889040,4023.79,4023.79,4023.78,4023.79,7.45958609,30015.788758,4023.7874322
1546889100,4023.79,4023.79,4023.78,4023.79,1.62595504,6542.5006744,4023.789412
1546889160,4023.79,4023.79,4021,4021,25.87745621,104101.89714,4022.8798492
1546889220,4021,4021.01,4021,4021.01,3.71820214,14950.902342,4021.0031028
1546889280,4021.01,4021.01,4021,4021.01,7.15151144,28756.288228,4021.0084916
1546889340,4021.01,4021.01,4021,4021.01,4.31865132,17365.308926,4021.0027714
1546889400,4021,4021.05,4021,4021.01,1.65806777,6667.12759,4021.0223675
1546889460,4021.01,4021.33,4021,4021.33,1.60888382,6469.6926724,4021.2304903
1546889520,4021.33,4023,4021.01,4022.45,7.26680399,29223.699741,4021.5340583
1546889580,4022.44,4023,4022,4022,3.23025328,12992.548585,4022.1454664
1546889640,4022.01,4022.66,4022,4022.64,5.46198274,21968.698487,4022.1105655
1546889700,4022.65,4022.66,4021,4022.04,5.34989626,21517.051019,4021.9566835
1546889760,4021.64,4022.3,4019.51,4022.27,23.30167192,93688.515499,4020.6778218
1546889820,4022.27,4023,4021,4022.98,2.37889052,9567.0949361,4021.6625589
1546889880,4021.85,4021.85,4020,4021.84,2.47043031,9934.5139086,4021.3698271
1546889940,4021.83,4022.72,4020.55,4021.01,4.41115948,17738.235722,4021.2184127
1546890000,4021.01,4022.69,4021,4022.69,1.60044282,6435.9995989,4021.3867803
1546890060,4022.63,4022.83,4020.96,4021.28,2.87999104,11582.409386,4021.6824375
1546890120,4021.01,4021.03,4019.51,4019.52,2.28183681,9174.4292421,4020.6333783
1546890180,4019.52,4022.64,4019.52,4022.17,10.05054226,40416.606466,4021.3359061
1546890240,4022.12,4022.12,4020.27,4020.75,1.0423964,4191.8876086,4021.3949401
1546890300,4021.25,4021.26,4019,4019.95,8.57330067,34467.088494,4020.2822484
1546890360,4019.94,4020.94,4019.29,4020,9.90849413,39831.956933,4019.980878
1546890420,4020,4020.99,4019.95,4019.96,2.78713376,11204.227266,4019.9818992
1546890480,4019.96,4019.96,4019.95,4019.96,0.75247342,3024.9110875,4019.9573926
1546890540,4019.95,4019.96,4019.95,4019.95,5.3195086,21384.171655,4019.9524548
1546890600,4019.96,4019.96,4019.95,4019.95,1.61833031,6505.6140449,4019.9543966
1546890660,4019.96,4019.96,4019.95,4019.96,7.64337021,30725.986485,4019.9526702
1546890720,4019.96,4019.96,4019.95,4019.96,3.46257259,13919.378593,4019.952862
1546890780,4019.96,4019.96,4019.95,4019.96,4.79573148,19278.620459,4019.954107
1546890840,4019.96,4019.96,4019.95,4019.96,5.02392529,20195.949739,4019.9542336
1546890900,4019.95,4023,4019.95,4023,37.5412321,150937.26592,4020.5730468
1546890960,4023,4023,4022.99,4023,6.00407952,24154.363787,4022.991985
1546891020,4022.99,4023,4022.99,4023,2.71565478,10925.071188,4022.9970572
1546891080,4023,4024,4022.99,4024,11.02013378,44335.207363,4023.1097233
1546891140,4024,4024,4023.99,4024,3.2422157,13046.66082,4023.9953252
1546891200,4024,4025,4024,4025,10.0428723,40413.837925,4024.1314156
1546891260,4024.99,4025,4024.25,4024.26,34.35134456,138257.11005,4024.7947153
1546891320,4024.26,4024.26,4024.25,4024.25,3.20695807,12905.624518,4024.2573292
1546891380,4024.26,4024.26,4020,4020,20.32223299,81725.665679,4021.4904395
1546891440,4020,4020.01,4018.16,4018.17,26.92304309,108224.50752,4019.7724738
1546891500,4018.17,4018.17,4018.16,4018.17,3.36471461,13519.98939,4018.1682422
1546891560,4018.17,4018.17,4016.86,4016.99,10.20055835,40985.710012,4017.9869185
1546891620,4017,4017,4016.99,4017,2.3623721,9489.6483233,4016.9998297
1546891680,4016.99,4017,4016.99,4017,6.98672977,28065.664348,4016.9958296
1546891740,4017,4017,4016.86,4016.87,4.65074541,18681.750718,4016.9368717
1546891800,4016.87,4016.87,4016,4016.01,5.61090264,22534.826899,4016.2569812
1546891860,4016.01,4016.01,4016,4016.01,1.12471945,4516.8810183,4016.0068525
1546891920,4016.01,4016.01,4016,4016.01,1.66797198,6698.5865707,4016.0066542
1546891980,4016,4016.01,4011.66,4011.88,24.24705046,97324.628645,4013.8749579
1546892040,4011.88,4016.41,4011.88,4012.99,7.58074491,30426.606303,4013.6697204
1546892100,4012.99,4016,4012.99,4015.5,15.80883174,63459.655247,4014.190061
1546892160,4015.47,4015.99,4014.09,4015.99,5.77263775,23179.772189,4015.4558787
1546892220,4015.99,4016,4015.99,4016,3.19844225,12844.919496,4015.992315
1546892280,4016,4018.83,4016,4018.37,9.69887599,38961.999655,4017.1664939
1546892340,4018.38,4020,4018.38,4018.96,6.85998721,27570.434673,4019.0212939
1546892400,4018.96,4020,4018.03,4019.89,14.95214115,60104.427238,4019.7873091
1546892460,4019.9,4019.9,4018.97,4019.54,3.79791555,15265.307136,4019.390883
1546892520,4019.56,4020,4015.89,4017.83,22.60454559,90818.704491,4017.7186544
1546892580,4017.83,4017.83,4017.01,4017.44,1.91834204,7706.687694,4017.3689224
1546892640,4017.39,4017.56,4017.01,4017.24,4.97455074,19983.381997,4017.1229608
1546892700,4017.19,4017.71,4017.06,4017.71,6.81141566,27364.88001,4017.5025833
1546892760,4017.7,4017.83,4017,4017.83,2.16861149,8712.2761572,4017.4444327
1546892820,4017.83,4018.83,4017.82,4018.83,1.19140244,4787.5450566,4018.4113242
1546892880,4018.82,4018.83,4017.47,4018.82,6.92676035,27831.587265,4017.9803917
1546892940,4018.83,4018.83,4018.82,4018.82,3.6201098,14548.578769,4018.8225146
1546893000,4018.83,4018.83,4017.47,4018.42,1.04363055,4193.4657737,4018.151609
1546893060,4017.98,4018.42,4017.03,4017.84,4.31991636,17355.536757,4017.5631449
1546893120,4018.14,4018.36,4017.03,4018.04,2.8271742,11358.638611,4017.6649216
1546893180,4018.42,4018.42,4014,4016.5,19.15000419,76909.910283,4016.1824258
1546893240,4016.5,4016.5,4015.04,4015.36,1.80341829,7242.1870759,4015.8110384
1546893300,4015.36,4015.36,4011,4011.01,17.33218133,69549.447411,4012.7348131
1546893360,4011,4011,4010.25,4010.61,5.20018232,20857.173902,4010.8543545
1546893420,4010.61,4016.99,4010.61,4016.99,31.65031903,127052.53115,4014.2575191
1546893480,4016.99,4016.99,4011.1,4011.1,4.65967281,18714.619029,4016.2946611
1546893540,4011.11,4014.36,4011.1,4014.3,11.47236966,46050.621971,4014.0462115
1546893600,4014.31,4015.2,4013.5,4013.51,2.4007445,9637.8516076,4014.5261637
1546893660,4013.51,4014.89,4013.5,4014.88,4.34060645,17423.261863,4014.0155676
1546893720,4014.37,4014.37,4005.21,4005.6,20.98417512,84133.375346,4009.3725326
1546893780,4005.59,4008.4,4005.59,4005.77,7.11884387,28530.435943,4007.734467
1546893840,4006.2,4008.96,4006.02,4008.96,4.56801577,18307.150732,4007.6811583
1546893900,4008.16,4008.25,4005.6,4005.63,2.63659911,10564.025473,4006.6862775
1546893960,4005.62,4006,4005.6,4005.99,3.41167627,13665.950689,4005.6411007
1546894020,4006,4008.99,4005.99,4008.45,32.44968971,130050.93937,4007.771431
1546894080,4008.45,4008.99,4008.02,4008.99,4.21112116,16882.006652,4008.910219
1546894140,4008.99,4008.99,4008.98,4008.99,2.41185564,9669.0925083,4008.9847617
1546894200,4008.99,4008.99,4006.51,4006.51,39.59178152,158718.93487,4008.8859045
1546894260,4006.51,4006.51,4000,4002,38.13635151,152599.38274,4001.4153608
1546894320,4002,4002,4001.99,4001.99,57.69944893,230912.69419,4001.9913269
1546894380,4002,4002,4001.99,4002,1.08407475,4338.4622909,4001.9955182
1546894440,4002,4007.1,4001.99,4006.74,39.8289856,159423.8693,4002.7097577
1546894500,4006.74,4006.74,4000.88,4006.1,128.26901041,513584.98274,4003.9677635
1546894560,4006.1,4008.21,4006.1,4007,12.67934253,50809.849927,4007.2937384
1546894620,4006.86,4006.86,4006.12,4006.73,3.22478974,12920.801478,4006.7112959
1546894680,4006.73,4007,4006.73,4007,2.27202615,9103.8572143,4006.9332892
1546894740,4007,4007,4006.72,4006.72,1.68005868,6731.7830635,4006.8737739
1546894800,4006.73,4007.01,4006.72,4007.01,21.79727735,87340.366252,4006.9392543
1546894860,4007.98,4014,4007.98,4014,7.77609213,31195.015366,4011.6571209
1546894920,4014,4014.39,4013.99,4014,16.80844375,67471.94814,4014.1698508
1546894980,4014,4016.99,4013.99,4016.91,22.49346068,90296.621003,4014.3498721
1546895040,4016.91,4016.91,4016.77,4016.77,1.93015504,7753.1848465,4016.8715393
1546895100,4016.13,4016.13,4010.45,4014.88,16.83845523,67588.041127,4013.9098393
1546895160,4014.85,4015.53,4011.42,4013.5,40.75249622,163575.35215,4013.8731935
1546895220,4013.5,4014.78,4013.5,4014.72,1.29155727,5184.7797201,4014.3630024
1546895280,4014.72,4014.89,4014.71,4014.89,2.58317577,10370.940921,4014.8026476
1546895340,4014.89,4014.89,4014.88,4014.89,0.75460011,3029.6360121,4014.8894387
1546895400,4014.89,4014.89,4014.88,4014.89,5.28806488,21230.971382,4014.884814
1546895460,4014.89,4014.89,4014.88,4014.89,1.31270733,5270.3716677,4014.8870561
1546895520,4014.89,4014.89,4011.9,4011.9,26.10395283,104771.08296,4013.6098792
1546895580,4010.33,4010.51,4008.91,4010.32,5.95206146,23868.422388,4010.1102027
1546895640,4010.06,4010.51,4009.95,4010.51,11.25574546,45136.124619,4010.0520022
1546895700,4010.51,4012.85,4010.4,4012.85,12.2423446,49102.449753,4010.8697604
1546895760,4012.56,4013.1,4012.03,4013.08,4.90406577,19678.287799,4012.6476116
1546895820,4013.02,4014.27,4012.13,4012.76,1.7162907,6888.3303245,4013.4986017
1546895880,4012.01,4013.5,4011.56,4012.17,3.07289074,12330.213788,4012.5780027
1546895940,4012.17,4014.46,4012.16,4013.56,0.98763985,3963.7259746,4013.3313522
1546896000,4013.56,4015,4012.6,4012.83,7.58950227,30461.444393,4013.6287347
1546896060,4012.53,4012.53,4009.54,4010.52,3.15513422,12656.862481,4011.5131715
1546896120,4010.51,4010.57,4008.86,4009.86,16.50908695,66195.494764,4009.6399616
1546896180,4009.87,4010.41,4009.87,4010.01,1.7185361,6891.3691644,4010.0229285
1546896240,4010.01,4010.01,4009.05,4009.06,0.95836487,3842.2762875,4009.1998442
1546896300,4009.06,4009.06,4009.05,4009.06,3.76729616,15103.288304,4009.0525572
1546896360,4009.06,4010.73,4009.05,4010.73,5.38931017,21610.381244,4009.8603647
1546896420,4010.72,4010.73,4009.05,4009.12,4.05702254,16266.424118,4009.4487911
1546896480,4009.13,4010.7,4009.12,4010.03,6.8720675,27556.05115,4009.8632835
1546896540,4010.03,4010.04,4010.03,4010.04,2.4021329,9632.6339343,4010.0337222
1546896600,4010.04,4010.98,4009.98,4010.27,3.55520099,14256.733806,4010.1062771
1546896660,4010.27,4011.8,4010.26,4011.8,3.13014826,12554.154795,4010.7220974
1546896720,4011.05,4011.85,4010.2,4011,6.92735343,27786.721697,4011.1598142
1546896780,4010.58,4013.29,4010.58,4012.83,4.73216873,18982.013883,4011.2715683
1546896840,4012.82,4012.83,4011.5,4011.51,4.07056151,16329.976599,4011.7257923
1546896900,4011.51,4011.51,4011.5,4011.51,5.7156801,22928.461359,4011.5018611
1546896960,4011.51,4011.51,4011.5,4011.5,0.61871463,2481.9767107,4011.5048042
1546897020,4011.51,4011.51,4011.5,4011.51,4.80044224,19257.01717,4011.5089834
1546897080,4011.51,4011.51,4011.5,4011.5,2.56429005,10286.657789,4011.5032187
1546897140,4011.51,4013.45,4011.5,4013.45,12.32381428,49446.144604,4012.2435701
1546897200,4013.45,4015,4013.44,4015,13.98175288,56123.805701,4014.0750722
1546897260,4015,4016.5,4015,4015.8,3.74953505,15057.021696,4015.7036794
1546897320,4015.8,4015.8,4015.79,4015.79,1.8565751,7455.6325559,4015.7990678
1546897380,4015.8,4015.8,4015.79,4015.79,3.93586639,15805.631118,4015.7946311
1546897440,4015.8,4015.8,4013.18,4014.64,14.74498685,59208.462922,4015.4978451
1546897500,4014.65,4018.3,4014.64,4018.05,10.46935574,42054.587908,4016.9222398
1546897560,4018.02,4018.11,4014.7,4014.87,4.67318887,18768.27491,4016.1601493
1546897620,4014.9,4015.89,4014.9,4015.74,4.22242459,16956.060548,4015.716607
1546897680,4015.74,4015.74,4014.64,4014.64,8.37844843,33644.339692,4015.5811631
1546897740,4014.65,4014.65,4014.64,4014.65,1.84677369,7414.1388084,4014.6439429
1546897800,4014.65,4014.65,4010.96,4012.4,7.34981116,29490.133335,4012.3661265
1546897860,4012.4,4012.4,4010.04,4010.13,4.90960425,19694.778769,4011.4799006
1546897920,4011.38,4012.4,4010.44,4010.72,4.80412468,19272.037632,4011.5606725
1546897980,4010.73,4010.74,4010,4010.74,13.04365796,52313.110686,4010.6165653
1546898040,4010.72,4011,4009.95,4010.75,5.14914669,20650.628292,4010.4952403
1546898100,4010.71,4011.22,4009.67,4010.29,5.68890953,22814.904034,4010.4177987
1546898160,4010.81,4010.81,4009.54,4009.54,1.30707637,5241.1327272,4009.8136938
1546898220,4009.54,4009.54,4007,4007.01,4.54092018,18199.978249,4007.9934302
1546898280,4007,4007.01,4000.24,4003.49,9.45216298,37845.755391,4003.9253948
1546898340,4003.49,4007.29,4003.49,4006.57,11.83828396,47417.5432,4005.4405994
1546898400,4006.56,4006.57,4006.56,4006.56,8.47577211,33958.70007,4006.5612465
1546898460,4006.57,4006.57,4006,4006.01,6.9512216,27849.509219,4006.4194211
1546898520,4006.01,4006.57,4006,4006.01,3.38295374,13553.433078,4006.3903085
1546898580,4006.01,4006.57,4006,4006.01,0.90216366,3614.0831685,4006.0172325
1546898640,4006.01,4006.01,4006,4006.01,1.19212256,4775.6473083,4006.0036347
1546898700,4006.01,4006.01,4005.5,4005.5,2.69969991,10814.241898,4005.7199905
1546898760,4005.51,4006.01,4005.51,4005.99,1.75277819,7021.1835463,4005.7456136
